publisher,total_installs,game_count,games
"execl marocco",3313438,1,"8 Ball Kick"
"GOODROID,Inc.",2752920,1,"Bus Rush Fever!"
"Oakever Games",2164282,1,"Paint by Number: Coloring Game"
"Giraffee App",1580642,1,"Color Power Pop"
"Scopely, Inc.",1330884,1,"MONOPOLY GO!Chat"
"Gimica GmbH",1018218,9,"Color Dots Connect | Threadform | Spiral Drop: Helix Run | Word Kitchen | Match3D: Carnival Crew | Tripeaks Adventure | Hex Match: Block Puzzle | Tangram Heaven | Mahjong Master Path to Harmony"
"HONG KONG XINGXI",987416,2,"Arrow Maze-Tap Away | Word Solitaire Puzzle Game"
"Amobear VN Game Global",955986,1,"Animal Collection!"
"Gotstar Studio",866616,1,"Sprunki All Phases Beat Maker"
"lannt.xe91",751907,2,"Jump Brainzot: Grab To Collect | Grow Beanstalk: Brainzot Climb"
"TopNotch Games",741104,1,"Arrows - Escape Frenzy"
"IEC Holding L.L.C-FZ",710505,1,"Chaos Drink Sort"
"QY Studio",701937,1,"Pull Pin Save-Relaxing Puzzle"
"Move Tech May",552261,1,"Stripebreak"
"Devsisters",548933,1,"CookieRun: OvenSmash"
"Astrocade",505107,1,"Astrocade: Play & Create Games"
"Nikhil Sen-Gupta",497368,10,"Crystal Sling | BA99Punch Dash | Puppy Hop | Bounce Shooter | BubbleSpin | Market Empire | TwinFlip | Black Hole Dash | BA99Bullet Bounce | Number Merge"
"stick hunter",470301,1,"Snake Out: Puzzle Escape"
"Lion Studios Plus",441399,2,"Bubble Word Jam | Profile Perfect"
"RABAT SQUARE RENT CAR",431656,2,"Golden Egg Boom | Snakes Ladders - Chick Ruch"
"AS_ZR",398637,1,"Farm Block Dash"
"WinPlus Games",387561,1,"Tile Moment"
"ModayMn.official",365595,1,"KonKan"
"Ares Interactive",338302,1,"Baseball Hits 26"
"Cedar Games Studio",334501,1,"Word Sort Fun!"
"Art Coloring Group",289550,7,"Tribal Art Coloring Book | Jinx Color\uff1aColor by Number | Polygon Color | Polygon  Color | Blossom Color By Number | Fluid Color Paint By Number | Cradle Jigsaw Puzzles Games"
"\u806a \u9a6c",286751,1,"Rap Star:Idle Clicker"
"Heartsnet",277869,1,"Tidy X"
"Lijin Beauty",274782,1,"Gem Romance"
"MB. PROMISE  OIL AND GAS  SERVICES",273628,8,"333OKHoliday Mix | MoonCycle Chess | 333OKSandMind | CV999SingleStroke | Ragdoll | Dice Merge | CV999Shape Clash | 333OKHex Slide"
"UNICO STUDIO",269472,1,"Math Solitaire"
"BIGJOYSTUDIO",260038,3,"Fruit Sort Puzzle | Flower Match Queen | Brain Pocket - Puzzle Games"
"SayGames LTD",255514,1,"Cozy Ropes: Connect the Dots"
"Unity Productions Foundation",255193,1,"Vanished Puzzle Quest"
"T.Game Studio",228051,1,"Brainzot Jump To Steal"
"LoadComplete",226352,2,"Mini Tales | Mini Tales: GO!"
"GEF Research",225911,1,"Bottle Tap"
"GAMERS ISLAND LLC",222249,1,"Solitaire Time - Card Game"
"Happy Go Game",218616,1,"Paper Doll DIY Dress Up"
"Adaric Ltd",218353,2,"Hexa Smash | Color Block Puzzle Journey"
"minny",210525,1,"Chamber Dice"
"Gryphon Games UG",193442,1,"Sport Star - Team Manager Idle"
"smak apps",186781,1,"ForeHeads: Charades Guess Game"
"MX INNOVATION PTE. LTD.",186422,2,"TopTop(\u30c8\u30c3\u30d7\u30c8\u30c3\u30d7): \u30b5\u30af\u30c3\u3068\u904a\u3093\u3067\u3001\u30d1\u30c3\u3068\u53cb\u9054 | TopTop: \uac8c\uc784, \ucc44\ud305 & \uce5c\uad6c\ub4e4"
"JTV News",185839,1,"The Joker"
"North Dhaka Studio, LTD.",185036,1,"Tap Fruit Wipeout"
"Lotum two GmbH",182481,1,"Word Search Hotel"
"WEEGOON",178075,2,"Tap Fighter: Don't Get Caught | Cozy Love"
"Gomexbertve",172601,2,"Water Reminder | Rabbit Wallpapers"
"PT. Ikhsan Husni Abbiyyu",172402,1,"RummyMaster"
"Superboost Soft Limited",172242,2,"Tape Tap! | Fish to Feed"
"Halfbrick Studios",171588,1,"Jetpack Joyride Racing"
"Scion Financial Services Pvt Ltd",169861,1,"Cupid's Arrow"
"SOHAGAME INC",169440,1,"Phong H\u1ea7u Tam Qu\u1ed1c"
"Com Games",161645,1,"Marble Rush! - Ball Sort Game"
"HeartsNet",160929,1,"Click Wood"
"Sporting 2024",156919,2,"Soccer King 2026-Earn Cash | Fruit Block-More Gifts"
"Filtersten A/S",154671,1,"Fish Chest Bonanza"
"Voodoo",152618,1,"Snacky Dash: Food Maze Puzzle"
"Topy Games",152345,2,"Conquian: Classic Card Game | Chinchon"
"Huy To Duy",150409,1,"Animal Voice Zoo"
"Crafting Survival",148082,1,"Gleam Gem"
"Frenchylabs",146216,1,"Airplane Merge Run"
"Dinosaur-Games",142458,1,"Last Light"
"Social Game Lab",142348,1,"TopTop"
"FelicityGames",140684,2,"Arrow Maze: Puzzle Escape Game | Arrow Maze"
"Arnold Rauers",139185,1,"Card Crawl 2"
"Elysium Echo",137004,1,"Golden Treasure Slots"
"HOTEIS DE TURISMO LTDA -  HOTEISTUR",134058,10,"333OKSpiral Drop | RiderLine | Car Merge | 333OKHex Noel | BA99Color Sort | PopIt Puzzle | CV999Coffee Craze | HoopShot Rush | Snack Shift | Wheel Racer"
"Kite Games",133811,3,"Arrow Rescue: Save the Animal | Hotpot Sort: Food Loop | Hexa Loop: Color Sort"
"CLEMMIE INDUSTRY LIMITED",129618,1,"Furry Blast - Match & Pop"
"Keding",128820,1,"Flying Fish Dash"
"GAME START LLC",127699,1,"My Mole"
"BGC Studio",125796,2,"Save The Dog: Crazy Doge | Diamond Flow Sort"
"Shahin Soft",125135,1,"Muse Gallery"
"Vita Studio.",124253,1,"Vita Mahjong Wood"
"Kite Games AS",122375,3,"Twisted Arrows: Puzzle Escape | Pixel Maze | Hotpot Sort: Food Loop"
"Spa Mobile",120967,1,"Football Supreme"
"Akand Development",120850,1,"Word Tile - Letter Puzzle"
"CITY BUILD LTD",120071,1,"Tuk Tuk Operator"
"AFM City",117472,1,"Luna Glow"
"\u5e7f\u5dde\u6e5b\u5170\u9910\u996e\u7ba1\u7406\u6709\u9650\u516c\u53f8",117398,1,"Sweet Knit Match"
"JBA-TLS",116976,1,"Azchess"
"Smart Project GMBH",116552,2,"Yarn Escape - Arrows Puzzle | Yarnia 3D: Wool Unravel Puzzle"
"MMEBABY STITCHES AND ALTERATIONS",115554,1,"Plane Rush Ludo"
"DEVVVS 0043",114916,2,"Lucky Match Path Journey | Lucky Screw Sort"
"Five  Elements",113407,1,"Immortal Celestial Fate"
"\u91cd\u5e86\u674e\u5a1c\u6559\u80b2\u54a8\u8be2\u6709\u9650\u516c\u53f8",113176,1,"Shard of Beauty - Jigsaw Quest"
"Velociti Apps",112802,9,"Yono Rummy | Spin 777 | Yono Slots | Rummy 888 | Hi Rummy | Yono Vip | EN 365 | ABC Rummy | Hello Slots"
"Torchapk TOOLS",110551,1,"Soft Yarn Sort"
"\u5e7f\u5dde\u76db\u7528\u54a8\u8be2\u6709\u9650\u516c\u53f8",110503,1,"Cool Holiday Tile"
"Maduekwe Daniel Chibuike",110158,4,"Bloom Path | Loom Thread | Mist Scrawl | Drift Tide"
"sonugauatechenterprises",109915,16,"Yono Rummy | Spin 777 | Yono Slots | Rummy 888 | Hi Rummy | Yono Vip | Yono 777 | Remi 101 | EN 365 | Yono 101Z | Yono App | ABC Rummy | Rani Slots | Share Slots | 101Z Yono | Hello Slots"
"Geprek Express",107591,1,"Arrow Dash Puzzle"
"LOST TEMPLE GAMES",106966,1,"Word Associations Now!"
"eshterely",105654,1,"Happy 777 Aangan"
"Funday Games ApS",103505,1,"Scritchy Scratchy"
"Bravestars Games",103494,1,"Tape Tap!"
"Rankright Solutions",103209,2,"Screw Color: Nut Sort | Screw Jam: Color Sort"
"Prosperize",103019,1,"One Color"
"Synergic Era Systems",101777,3,"\u1000\u103b\u103d\u1032\u1002\u102d\u1019\u103a\u1038app | Shan Koe Mee | \u1000\u103b\u103d\u1032\u1016\u103c\u1030\u1002\u102d\u1019\u103a\u1038 \u1005\u101c\u1031\u102c\u1037app"
"VTC GAME",101346,1,"GardenScapes Khu v\u01b0\u1eddn huy\u1ec1n b\u00ed"
"Wind Games AS",101139,4,"Arrow Hero: Rescue Puzzle | Leon Out | Jigsaw Dreams | Critter Rescue Rush"
"Market training VP game",99676,1,"Money Tycoon Profit Tap"
"GIVOGROW",96951,1,"ColorPour \u2013 Sort Puzzle"
"GIRRAJA FUTURE COACHING CLASSES",96801,14,"Hi Rummy | Spin Gold | Hindi 777 | IND Rummy | Jaiho Arcade | Yono 777 | Yono Arcade | Yono Rummy | Ok Rummy | Yono Game | Club INR | Yono Vip | Yono Slots | Spin 2x"
"Rozhyar Ali",96278,1,"Pito - \u067e\u06cc\u062a\u06c6"
"HAEGIN Co., Ltd.",94646,1,"2026 \ud504\ub85c\uc57c\uad6cGO!"
"WORD OF  MOUTH  CONNECTING DENTAL",94489,6,"RunDash | BA99Color Block | BattleDuel | KG999Whale Bounce | Smash Master | Athena Match"
"AR CORPORATE.",94032,2,"Big Ace | Super Ace Gold"
"SHENZHEN BRAINPOWER TECHNOLOGY CO.LTD",93284,1,"My Bakery Town : Bake & Build"
"Abhishekprs",92578,1,"Chicken Dash Jackon"
"TUTETW ENDUSTSTRY",91813,2,"Chicken Dash Pulse | Lucky Jetvora Crash"
"LEYO GAME LIMITED",91396,1,"Idle Apartment Tycoon"
"Yingyang Tech",88187,1,"Fortune's Treasures Gems 2026"
"GROW GAMES",87989,2,"Jigsaw Solitaire Card Puzzle | Car Drop Away: Color Puzzle"
"EduSol Pakistan",87543,2,"Deep Sleep Monitor and Tracker | House Cleaning Task Manager"
"Verenda Tekstil",86877,3,"Bloom Weave | Drift Inertia | Edge Fold"
"EverBeautyCare",86594,1,"Golden Gems"
"Freeplay LLC",85050,2,"Ride Evolution \u2015 Car Racing 3D | Wood Screw \u2014 Nuts and Bolts 3D"
"Creamyan",82739,1,"Sweet Match Tile"
"Xiao Gang",82616,3,"Circular Ping Pong | Blocks Puzzle | Click White"
"Naveed Tech",82203,2,"Frendmery Game | Kandendt Game"
"~Game-Dev~",81066,1,"Blockwise Puzzle"
"ARTEM GUMENNIKOV",80811,1,"Alien Morgue"
"AMOBEAR PTE. LTD",78974,2,"Noisy Zoo: Make Silly Sounds | Super Joy Egg"
"HK PIXO TECHNOLOGY LIMITED",77979,3,"Tribal Art Coloring Book | Jinx Color By Number Game | Fairytale Jigsaw Puzzles"
"Zack Shi",77810,1,"Tile Comfort: Triple Match"
"eslam mohamed",77804,1,"Mahal Smooth 777"
"Tripledot Studios Limited",77225,2,"Get Color Pack: Sort Puzzle | You Know: Associations"
"Recon Tech (Game Unit)",76618,2,"\u1000\u103b\u103d\u1032\u1002\u102d\u1019\u103a\u1038app | Shan Koe Mee"
"Space Kraft Media",76006,2,"Neon Sip: Color Night | Rainbow Cafe: Color Sort"
"Daash",75341,1,"Samay 777 Joyful: Easy Fun"
"EWG STUDIO",74903,1,"Fun Mahjong Match"
"Take Top Entertainment",74606,1,"+1 Speed: Escape Obby Worlds"
"Zego Global Pte Ltd",74421,2,"Mahjong Jam: Tile Match | Pixel Loop Blast"
"Linjia Bai Tech",73353,4,"Sync Shatter | Spark Grid | Abyssal Gaze | Petal Fall"
"Freelancer Jibon",73242,2,"Bus Parking Dash | Pop Animals Block"
"Marcorn",73073,1,"WFT Fiv"
"Supreme Port",72587,1,"Block Nest"
"KoraLabs Electronic Technology Co., Ltd",69617,1,"Lucha Goal Tactics"
"POP STONE GAME TECHNOLOGY LIMITED",68192,1,"Marble Loop - Ball Sort"
"Flipland Games",67207,2,"Wiggle Snuggle - Snake Out | Cook & Sort: World Food Trip"
"MILLIONAIREDev",67196,1,"Teen Patti Classic Master"
"Bich Hong",66586,1,"Love Coloring: Couple Draw Art"
"Easybrain",65231,2,"Letter Tile Match - Word Games | Word Stories: Word Puzzle Game"
"YonetSIS Muhendislik",65214,6,"Echo Trace | Bloom Weave | Aura Pulse | Crack Path | Fold Edge | Crack Trace"
"ZOE STUDIOS",64914,1,"Chess Rush: Chess Puzzles Game"
"RED INFINITY LIMITED",64257,1,"Hidden Quest"
"IMPRIM\u2019AD HOC",64184,1,"777 Relax Kalash"
"lehieu.0405tk",64164,1,"Run For Brainzot: Floor Escape"
"catbyte GAMES",64010,1,"Arrow Survival: Match & Merge"
"Daweraza",63406,1,"Joyful 777 Diwali - Easy Play"
"ECKERT GAMING",63083,1,"Solitaire: Relaxing Card Game"
"DelishakeWorks",62555,1,"Calm Pin Sort"
"Skyloft Games",61880,1,"Lumberjack Driver"
"PLUS GAME VN",61527,1,"C\u01a1 Gi\u1edbi Chi\u1ebfn: War Robots"
"Klemens Strasser",61257,1,"Art of Flora: Cozy Puzzles"
"BeesPuzzles",60886,1,"One Draw Fix"
"Sparks Games",59853,1,"Bus Rush - Puzzle Game"
"almiaab",57611,2,"Flappy Aviator | Aviator Defender-Space War"
"NAMMUNIS",57132,3,"Tile Blast Rush | Easy Tile Clear | Fun Block Pop"
"Game Duo Co.,Ltd.",56501,1,"E.D.E.N : The Last Line"
"Gordon Special Services",56101,5,"7U7 Bubble Match Blast | JJ77 TileTwist | BA99 Critter Jigsaw | KG999 GeoPop Blitz | BDOK Prism Starstorm"
"Rajkumar Pandey",54971,1,"Vertical Gems"
"Mohammed Emam",54913,5,"Arrow Detached | Colorful packaging | Colorful Nut | Palette Grid | Ricochet Cannonball"
"Closing Theory Studios, Inc.",54400,1,"Househunt: Fun With Real Homes"
"HaoCui HighTech",54303,3,"EaunoliTe | AnimalMemoLos | OaunHieraDom"
"KAKATO",53833,2,"Triple Match: Girls Edition | Cutie Tiles: Link Blitz"
"Efun Team",53722,1,"Dress Color: Paint by Number"
"Curated Content",53352,1,"Block Blaster - Classic Puzzle"
"Western America Properties, Inc.",52460,1,"Aircraft War Game"
"YUANTU INTERACTIVE TECHNOLOGY PTE. LTD.",52349,2,"Nature Puzzles Jigsaw Game | Surreal Jigsaw Puzzles Games"
"BitEpoch",52329,2,"Piggy Escape: Pig Jam Farm | Chess Forge: Chess Online"
"CV CIPTA BOGA ANANDA",50867,2,"LumoGrid Card | Cards of Bepd"
"Quiz & Trivia Games by Mno Go Apps",50089,1,"Quiz Blitz: Test Brain Game"
"Solid Games",50019,2,"Shelter Survival | Bag of War"
"EYESTORM PTE. LTD.",49643,1,"Demon Pet Maze"
"Snowflake Gaming Studios",49532,1,"Lucky Clover Land"
"Jirko Cernik",49019,1,"Realtime Chess - Blitz & PvP"
"XInRui",48825,5,"Square Paint:Cozy Color | Ricochet Rebel Breaker | Juice Burst Master | Happy Line Family | Space Cubed Grid"
"HOTPLAY STUDIO",48739,1,"Survivor Escape Hide N Seek"
"Bobodoo Game",48411,1,"Easy Color: Color by Number"
"\u96ea\u5170 \u9ec4",48186,1,"Pair Match Solitaire"
"los Angeles gamer",47779,1,"777 Happy Grand"
"LazyNest Games",47298,1,"Bubble Shooter Fun"
"ENNES ENGINEERING PRIVATE LIMITED",46944,1,"Chickens Dominos Win"
"Shwetambar Kumar",46461,1,"Teen Patti Crown"
"Famous Vineyards, LLC",45647,1,"Climberz Chicken"
"Studio Sky Games",45392,4,"Tap to Turn: Arrow Escape | Crown Arrow: Save the King | Slinky Snakes: Puzzle Escape | Plug the Path"
"PANDAS OF CARIBBEAN LIMITED",45354,1,"Mahjong Master!"
"Manuel Paparella",45218,1,"Don't Say It"
"CREATE A TEE UK LIMITED",43873,1,"Classic Card Champions"
"KUEHNLE FARMS, LLC",43864,2,"Lucky Chicken Connection | City Road-Chicken Cross"
"Shanthi Selvarajan",43500,1,"Dialed - Guess the Color Game"
"PLAYWITH Inc",43406,1,"SealM on CROSS"
"LAKASA, LLC",43180,1,"Sphere Stack"
"Hills Tech",42679,4,"Gap Impulse | KeepUp Bounce | Chromatic Run | Squeeze Pass"
"Huochun Tech",42455,1,"Lakshmi Fortune Slots"
"JohnsonFor",42060,2,"Wood Block Puzzle: Maple Fall\u200c | Bloom flowers puzzle"
"Metatheory Inc",41338,1,"GimmeCat"
"Uk developer master k",41289,1,"Color Route"
"Jieerf Tech",41174,7,"Monster Bash | Starry Sky Guardians | Monster Chow | EliminateViruses | RopeSage | Armored Fury | TankDustfront"
"Gopast Trading Co., Limited",40914,1,"Minglan Gold Teen Patti Game"
"qdd game",40806,1,"Antistress Stress Relief Relax"
"LINE Games",40409,1,"Animal Busters : Idle RPG"
"Shycheese",40383,1,"Fish Sort Puzzle: Match Game"
"DHN Invest",40188,1,"866vipRun Cold!"
"SOFISH GAMES",40127,1,"Wood Block Puzzle Quest"
"Enigmatic Cosmos Quest",39925,1,"Dhan Surya Fortune"
"Zinance Inc.",39810,2,"Spectrum: Mind Reading Game | 67 Speed - 67 Game Challenge"
"CADSM LTD",38248,1,"Fortune's Pro Gems 2026"
"Majestic Zephyr Battalion",38217,1,"RoyalCircle"
"VelaGame",38082,1,"Phi Ki\u1ebfm Tu Ti\u00ean"
"Short Circuit Studio",37848,1,"Hearthside: A Teeny Tiny Game"
"Bakhtawar Sunisha",37693,1,"Cash Coin"
"Qiiwi Games AB",37320,1,"Wordington Solitaire"
"Kelmar Investments",37261,3,"Mahjong Tile Crush | Goods Blast Master | Goods Match Master"
"HOWLYO HONG KONG LIMITED",37214,1,"My Fairy Garden"
"Coffee Dove",37118,1,"n2222Afterglow Pod"
"Wotleentam Sotleemumkam",37038,2,"DensiMate | WeightXchange"
"Valley Forge Private Limited",36898,6,"Mind Spinning | Color Impact | Interstellar Lost | Dye Hammer | Disassembly Expert | Cube Passenger"
"Muhammad developer",36556,1,"Ludo Super King"
"Crown East",36228,3,"WIN786BrightDrop | CutePick | QS88"
"onMOBI",35953,2,"Imposter: Spy Word Game | Imposter: Party Word Game"
"SATORISYS PLAY",35879,2,"Gin Rummy Classic | Word Line: Word Puzzle Game"
"ElleVera",35854,1,"Plinko Drop Mania"
"Tech Royal",35502,2,"Logic Sort: Color Water Puzzle | Quiz Quest Go"
"UniRise Studio",35471,1,"Word Sorta Solitaire"
"minthu minthu",35418,1,"Color Flow - Block Buster"
"Abdul Khan Medical",35272,1,"777 Honor Paladin"
"Craft House",34996,3,"Vapor Drift | Ignite Connection | Hollow Excavation"
"GameSky Lab",34898,3,"Merge Food : Sticky Match | Satisfying Chill | Tidyzone : Satis Cleanup"
"AAA Fun",34073,1,"Word Solitaire"
"Hoai Hoang",33716,1,"Grow Beanstalk: Pick Brainzot"
"Wind Games",33491,1,"Leon Out"
"TD AUTO REPAIRS INC",32975,1,"EZ GAME"
"Nexis Apps",32914,1,"Dream Grand League"
"ABIGAMES PTE. LTD",32505,1,"Packingdom"
"CUDING",32239,3,"DropDash | BerryBlast | CatchGo"
"Guru Smart Holding Limited",32220,1,"Grill Match - Food Sort Puzzle"
"Arcloom., Ltd.",31991,1,"Skewzy Frenzy: Grill Food Sort"
"SUPRA CROP SCIENCE PRIVATE LIMITED",31737,1,"Lucky Snake Ladder Dice"
"Sion Maker",31498,1,"Happyhop Plane"
"Burny Games",31451,3,"JigLive: Video Jigsaw Puzzle | Sortica: Cards Game | Video Solitaire: Live Cards"
"MITSUO IMACHI",30990,2,"Escape Game: SPRING CABIN | Escape Game: LAKE RESTAURANT"
"Thalitha",30981,4,"TileTales\uff1a Match Puzzle | Press Frenzy | Merge & Hit Weapons | GhostWalker"
"Match Farm Global",30926,1,"Awakened elves: Fusion"
"Health fitness app",30492,1,"Highway Bus Driver - Bus Game"
"Ultra Edge",30395,1,"Fortune's  Fun Gems"
"Team Sparta",29916,4,"Difference Puzzle | Tap Happy Faces | Rocket Match Quest | Tap Match Icons"
"FonMor",29602,1,"Aura Glow"
"Jiangze Network",29533,3,"Nyther Drift Bloom | Cryon Pulse Surge | FluxTile"
"GZ AM ELECTRONIC HARDWARE CO., LIMITED",29460,1,"Rvip game"
"QinGuiYing Tech Solutions",29362,4,"BDT222 | Tall Contest | Magic Room | Ruler Explorer"
"Wupei Network",29266,3,"Different Color Pro | Fighting Mice | Count Egg Pro"
"LUCAS DANIEL ROBINSON",29243,1,"Oceanary"
"tranfun",28898,5,"Flip Gate | Ancient Tower Hanoi | Lumina Link | Ten Pair Card | Manor in the Gray Mist"
"Arrowise Studio",28871,1,"Word Associations Now!"
"ARDA SAYIR",28574,1,"Horror Playtime : Multiplayer"
"Skytechlab Global App",28269,1,"Color Flow : Block Buster"
"Prolific Enterprise Group LLC",28238,2,"Sharymary Game | Ptly Game"
"Jinli Network",28192,1,"Mix Solitaire"
"SweetGame",28003,1,"NumJam - Cross Number Puzzle"
"Dunderbit",27945,1,"Humbug 2"
"BrainByte Games",27654,4,"Color Blast: Block Puzzle | LUDO ONLINE DICE BOARD GAME | Liquid Sort Challenge | Fishing Magnet"
"\u30dd\u30a4\u30dd\u30a4\u682a\u5f0f\u4f1a\u793e",27349,1,"\u304a\u3062\u30d8\u30eb\u30d7 by \u304a\u3062\u30dd"
"Mangoing Game Studio",27330,1,"Grill Sizzle: Sorting Game"
"Bombay Play - Tile and Block Number Puzzles",27274,2,"Wild Card! No Mercy | Yatzy No Mercy! Dice Duel"
"CodyNest Technologies",27169,1,"Card Multiplayer Game UNO!"
"faresf",26789,3,"Classic Mahjong Match | Blossom Jigsaw | Block Fall Fusion"
"HydeStore",26555,1,"Don't Say It!"
"Ruishan Tech",26519,5,"Quizzaravane | Celloquiz | Quetzaloria | Quizlantea | Quizlotus"
"ASMY TECH, LLC",26071,1,"Tour Bus Mania"
"micro.tools",26063,1,"Hangman with Hints"
"Pahdizul Work",26049,1,"Speedy Rabbit: Rewards"
"Italic Games",26015,1,"Hidden Objects: Find & Seek It"
"MNO GO APPS LTD",25969,1,"Cross World: Word Riddles"
"Y.H HARDWARE INDUSTRY CO., LIMITED",25809,1,"YONO Rummy"
"DKSHUBDeveloper",25689,2,"Ocean Stars Legend | Block Fit Master"
"PHOYOO",25576,1,"Cooking Travel"
"Moocha Digimedia",25395,1,"RummyMaster HO Ointment"
"Ecliptic Technologies",25346,1,"Fruit Cocktail"
"RabiGame Studio@RabiGame",25336,1,"Countryside Color"
"Ntonsite Mwamlima",24806,1,"Skewer Sort: Food Master"
"GPLAY JSC",24584,1,"Anime Doll Dressup"
"Octopus Internet Technology Co., Limited",24417,1,"Imposter Game: Who is SpyParty"
"Funtap Games Joint Stock Company",24299,1,"BANG BANG \u0110\u1ea0I CHI\u1ebeN"
"chino dev.",24166,2,"Wendymery Game | WoolMiy Game"
"Valter Negreiros",23837,1,"Termo Jogo de Palavras"
"Vivid Games S.A.",23742,1,"Portal Runners: Endless Rush"
"Virangi Infotech",23738,2,"Fun Victory Card | TP Turbo Patti"
"FishyDEV",23723,1,"Bingo Cash Out: Real Money"
"Quang Ha To",23698,1,"Torvax Card"
"PSV Apps&Games",23441,1,"Tricky Mind: Puzzle Twist"
"\u4e3d\u5bb9 \u9ec4",23340,1,"Clear Train Arrows"
"ArgonDart Studio",23212,1,"Flow Out: Line Puzzle"
"TARA ABODE LTD",23202,1,"Eternal Girls : Battle Card"
"Lahana Games",23139,2,"Color Sort Solitaire | Icon Associations"
"Shanghai Mengyuanqi Software Technology",23113,3,"Infinite Block Elimination | Crazy Hexagon Composition | Sea Hero Cleaner"
"ZDKCUBE",22786,1,"Curse Unbound"
"Tomcat Dev",22637,1,"Ti\u1ebfn L\u00ean Magnifique tr\u00f2 ch\u01a1i"
"ZX Autos",22435,1,"Airplane World War"
"HeadShotZone13",22357,5,"Hole Roll | Pawble Match | Capybara Fishing | Neon Gun Escape | Sudoku Clear"
"PINGSPACE",22278,2,"Bio Study Questions App | ChemZone Quiz Practice"
"Thelinks",22130,1,"Avia Planet:Takeoff Jumper"
"Alfanium Indonesia Digital",21905,1,"Merge Soccer: 2048 Ball"
"Uken Games",21823,1,"Mattel Match"
"SHENGYUER LIMITED",21808,1,"Twilight War Memoir"
"Hong Kong Star Together Co., Limited",21795,1,"PP2 GAME"
"XTROVER GAMES",21762,1,"29 Royale Offline Card Game"
"iKame Games - Zego Studio",21630,1,"Pixel Blast"
"Shiro Miyahara",21590,1,"Want to Borrow the Manga"
"CONTACT  SERVICOS E PRODUTOS  LTDA",21550,1,"Mystery Box Puzzle"
"FAB11 FANTSY PRIVATE LIMITED",21508,2,"Color Blast: Block Puzzle | Fishing Magnet"
"LICENSE GAME LTD",21492,1,"Crown Coins Casino Real Money"
"One Tuch",21263,1,"Laura Pet Hospital"
"PokerBaazi",21211,1,"PokerBaazi: Play for Fun"
"RETRO WAVE PUBLISHING LIMITED",21187,1,"Choice of Life\u30fbWild Island F2P"
"praktis.com",21166,1,"Beauty Block Match"
"Loop Games Oyun Teknolojileri Anonim Sirketi",21044,1,"Money Sort: Merge Puzzle"
"Adam Champagne",21024,1,"Fruitburst: Power Surge"
"SHEUM CHEE KEONG",21021,3,"TeenPatti Luxe King | UF Club-Fortune Casino | Gilded Slot Ecms Adventure"
"Video sfondi 1",20952,1,"Wave Dash: Geometry Rush"
"Crystal Clear Lab",20746,1,"PoMi Card Game"
"\uc9c0\uad6c\uac8c\uc784\uc988 (JIGU GAMES)",20533,1,"Rocket Block Blast"
"\u4e3e \u90d1",20372,4,"Unscrew Star: 3D Puzzle Game | Belote - Franch Card Game | Conquian: Mexican Card Game | Cacheta: Classic Card Game"
"Monne Atelier",20364,1,"Jumping Maze"
"Grand Games A.\u015e.",20262,1,"Pixel Pop! - Color Crush"
"KidloLand Kids & Toddler Games",20256,3,"Monster Truck Games for Kids . | ABC Letter Tracing Kids Games | Tizi Aqua Park & Water World"
"shastagaylord125",20252,1,"SkinX\uff1aLoot Center"
"WONCOMZ.INC",20232,1,"\uac13\uc624\ube0c\ud558\uc774\uc2a4\ucfe8 \uccb4\uc778\uc9c0: \ubc29\uce58\ud615 RPG"
"Fancy Game",20172,1,"Animal Rush: Farm Jam"
"WALSH EARTHMOVING LIMITED",20122,1,"Ace king"
"DJGF Info",20045,1,"866vipKeep Out"
"BlgMaintenance O\u00dc",19890,1,"Teen Patti Yono Ace"
"Nguyen Dang Hoang Vu",19794,1,"Run For Brainzot: Floor Escape"
"Sugarscone",19729,6,"Necro Survival | Cube Pop | Jigblock Jam | Burger Panic | Orbit Weaver | Office Nook Merge"
"SUN STUDIO",19565,1,"Solitaire Classic"
"Neptune Company",19524,1,"Cat School : Idle Cute Tycoon"
"biginfive",19501,1,"Urban Lore:Doppelganger Street"
"Conifer limited",19392,1,"Classic Jigsaw - Puzzle Games"
"Kingly Mobile",19326,4,"Fusion Shot | Screw N' Strip | Idle Cue Puck | Aqua Nexus Pipe"
"Stray Fawn Studio",19298,1,"Gambonanza"
"Chikweluozo Global",19288,1,"Magic Stone Rain"
"Fun Offline Games",19269,1,"Brain Games Offline - IQ Test"
"Peak Soul",19210,1,"Quick Flip"
"NExT Studios",19144,1,"Sola Mahjong"
"DMJ DYNASTY LTD",18977,2,"Chicken Dash Playix | Dragon Tiger Winix"
"Tripledot Studios",18931,4,"Get Color Pack: Sort puzzle | Jigsaw Stories for Adults | You Know: Associations | Magic Sand Sort"
"Milandroid",18908,1,"Hex Gomoku"
"Assemble Window Engineering Company Limited",18856,1,"Math Game"
"Max iRace",18751,1,"Punchy Buddy: Relaxing Game"
"TopHopStudio LTD",18682,1,"Chibi Avatar Maker Game"
"SWEETONDALE",18389,1,"Jump Tower Rush"
"Immediate Games",18340,1,"Solitaire - Classic Card Game"
"WOOHOO LIMITED",18333,1,"Abstract Dark: Color by Number"
"UNICO GAMES BILISIM LIMITED SIRKETI",18213,1,"Yarnation: Unravel Flow"
"LIGHTCHASER TECHNOLOGY PTE. LTD.",18213,1,"Peaceful Jigsaw \u2013 Puzzle Game"
"KANREE TEAM",18065,1,"Demon Fang Hunter"
"Foshan Qian Nengqi Technology Co., Ltd",18053,4,"Astra Calendar | Erme Disort | Aether Ship | Silk Fortress"
"Fortune Wings Entertainment",17961,1,"Temple Secrets"
"DEV DIGIVALUE",17939,4,"The Cross Corral | synthetic puppy puzzle blast | Jelly burst: cube combo | the great garage getaway"
"linhuidev",17836,1,"CapybaraFriends: Brazil Safari"
"Vu Long",17694,1,"Perfect Angle Puzzle"
"XII Braves PTE LTD",17466,3,"Arrow Plane | JigDramas | Word Search: Dream Life"
"BLOEMKE PHARMACY, LIMITED",17402,2,"333OK Little Five | BA99 Tappy Cubes"
"LYDIA LLC",17380,2,"RBX Fast Card | RBX Fast Card Guess"
"3T Online Entertainment",17333,1,"K\u1ef5 S\u0129 Nguy\u00ean Kh\u00ed"
"\u7f8e\u73b2 \u9646",17254,1,"Tricky Puzzle 2: Brain Test"
"Masader CR",17085,4,"BA99 Matchy Matchopia | 7U7 ZooZap Blitz | 7U7 QuinLine Stonix | KG999 Eliminate Boom"
"panet company",17082,1,"Enjoy 777 Crowned: Easy Play"
"Lesly Becker",17038,1,"Lucky 3 Patti ARI Game"
"theatron",17003,1,"Royal Joker"
"ANBESSAW CONSULTING, INC.",16995,1,"Aviator Alien Spaceship"
"MYTH\u00c9A KITCHEN LTD",16768,1,"Golden Relic Fortune Rise"
"VENUS AG",16719,1,"Bingo Win Cash: Win Real Cash"
"Blue Sky SMC",16525,1,"Mobile Gun Master"
"Evrika Games LLC",16415,2,"Mosaic \u041f\u0430\u0437\u043b\u044b | Mosaic Jigsaw Puzzle"
"HONG KONG LANQIAO TECHNOLOGY CO., LIMITED",16374,1,"Solitaire Flash: Win Real Cash"
"Greatone",16345,1,"777 Casual Dynasty - Fun Time"
"JOYMOD HAPPY",16300,1,"ff skin tool"
"ARC SYSTEM WORKS",16122,1,"Goritaire"
"Movie PlayMed",16076,3,"Solvebrush | King of Smash | Wobble Dash"
"Beresnev Games",15948,1,"Arrow Master: Puzzle Escape"
"Kafa Games",15857,1,"Word Master: Crosswords"
"shyam enterprises LLC",15830,1,"QuickConnect"
"LA BEAUTIQUETTE LTD",15808,1,"Circus Route"
"Whimsical Eon Odyssey",15764,1,"MahaCircle"
"7377Game",15734,1,"Linky Fishy Paths"
"Dalcomsoft, Inc.",15624,1,"SUPERSTAR THEBLACKLABEL"
"Jun Wakabayashi",15602,1,"Escape Game: Tiny Flower Shop"
"Spiele-Palast GmbH",15493,1,"Skat Palast Pro \u2013 Skat live"
"Qinghai Junpeng Electronic Science & Technology Co",15229,1,"Neon Exit"
"Gung Park",15219,1,"Anime TCG Merge Battle"
"Oddsbite",15213,1,"777 Holi Relax: Fun Play"
"Nda.Dw",15172,1,"Tai Xiu Classic"
"AbkAppStore",15106,1,"Soda Pack Frenzy"
"Wusa Cat",14995,1,"Bubble:Get Rewards Instantly"
"HOPEFULEARL",14886,2,"TP Mega Court | Phantom Reel Apex"
"Yida",14831,1,"Forest Runner:Endless Dash"
"Rawand Ahmed Shaswar",14775,1,"Domina Kurdi - \u062f\u06c6\u0645\u06cc\u0646\u06d5\u06cc \u06a9\u0648\u0631\u062f\u06cc"
"Beremo Studios",14737,1,"Quizei - Blind Rank, Tier List"
"Skyward Civil Engineering Limited",14697,2,"Zipteqmesh | Yieldixon"
"GREEK KEY",14589,1,"PH Casino: 777 Slots Plus"
"MOVIE LINK LIMITED",14554,1,"Starluxe Queen Playix"
"Weilu Technology Service",14386,1,"Precision Plane"
"Valar Technology Corp",14354,1,"BANG BANG \u0110\u1ea0I CHI\u1ebeN"
"VexelAegis77",14325,1,"Fortune Merge Go"
"tradingsafe id",14221,4,"AA345Verve | AA345Soul | Sift Flow | AA345Scale"
"Syed Nadeem Shah",14211,2,"Digit Span | Kindle Pace"
"Frams 777 Development",14208,1,"Frams Riches 777"
"CLAIRE MORRELL",14174,1,"Neon 3 Patti Ace"
"State Group LTD",14132,1,"Chicken Road"
"funcell Games Pvt Ltd",14120,2,"Fish Farm Tycoon ! | Project Eva"
"Smart Project GmbH",14093,1,"Sushi Sort: Yummy Puzzle"
"Next Hope",14055,1,"Bus Mountain Tour Adventure"
"FeiQin Dynamics",14034,3,"Orange CardChallenge | FoodMagicCards | PotatoQueue"
"Chainseek Limited",14014,2,"Desi Flush Card Clubr | 3 Patti Lazy Master"
"Pocket Party Games",13979,2,"Quiplets: Quip Lash Laugh | Quiplets Party Game"
"Robert Andrew Macgillivray",13969,1,"PK365Forest Stone"
"Mary Barnette",13906,1,"Who Liked"
"LIBERTY PLANT inc.",13810,1,"escape game: Brainstorm COOK"
"keisuke watanabe",13789,2,"Escape Graduation Ceremony | Escape Game Cat Cafe"
"PT INSTAL TECH PERKASA PUTRA",13777,1,"RushSlidet PopFuns"
"PuzzlEasy Games - Simple Puzzles & Brain Games",13734,1,"Brain Test - IQ Logic Master"
"BEDROCK",13721,1,"BEDROCK CRAFT"
"Jeux 131",13653,1,"Templo Suerte"
"PT Bintang Dagang Internasional",13644,2,"Dont let it grow | Snake Game-Apple Worm"
"BessWaltone",13520,3,"Milepost Rocket | Christmas Block Elimination | Purrfect Drop: Box Blast"
"Loralla",13454,1,"Lyra Scent Studio"
"Comfun",13448,1,"Checker Mingle: Online Board"
"MCH Games",13418,1,"WordTok 2"
"Magnetic AB",13343,1,"Deck Dungeon: Card Battle RPG"
"POMobile Inc.",13316,1,"Powl\u661f\u3064\u306a\u304e \u4e00\u7b46\u66f8\u304d\u30d1\u30ba\u30eb\u3067\u30dd\u30a4\u30f3\u30c8\u8caf\u307e\u308b\u30dd\u30a4\u6d3b\u30b2\u30fc\u30e0"
"SyllogismNine",13298,1,"Ace King"
"MOBILE ESPORTS Sp. z o.o.",13227,1,"Bitcoin Ball Spinner"
"EASY PLAY GAME TECHNOLOGY LIMITED",13217,1,"Bus Loop: Car jam"
"Huaizhi Technology",13195,1,"Dice Lucky Roll"
"POPZLE Inc.",13135,1,"Tap Blast Master"
"Amer Harb",13106,2,"Mahbuse - Tawla 31 | Mahbuse"
"Al Rafey Property Advisor",13052,2,"Slide Color Balls: Match Crush | Stick Fight TD: Merge & Defend"
"Manuel Butler",13043,1,"Chips Merge :Win Cash"
"DIGITAL DELTA",13036,1,"One Piece: Eternal Adventure"
"NGUYEN QUY SON",12932,1,"Mahjong Classic: Pair Match"
"Pexix Inc.",12925,1,"Meow Sort: Makeover & Story"
"Zitongman Tech",12924,3,"Secret Lode Claw | Red Ball Trap | Mecha Grappler"
"Gopal ashokbhai vaghela",12834,1,"Ice Explorer Fish"
"Hypervation",12748,1,"Word Tiles - Word Puzzle Game"
"\u79c0\u73b2 \u9648",12623,1,"Sweet Match Tile"
"Maixing Net",12609,2,"Organize Adventure | Tidy Genius"
"Poison Studio LLC",12575,1,"Slap Battle: Obby Fighting"
"PREMIUM GOLD FAMILY",12481,1,"Ryan Vortex"
"Shylax Studios",12401,1,"Hangman Redux: Word Puzzles"
"Developer mari",12346,2,"Chisel Moment | Fold Plane"
"FINENESS COLLECTION",12344,2,"Lava of Coins | Joke Flame Spin"
"TATO MAMO",12297,1,"Cook HotDog: Cafe Simulator"
"Edujoy Games S.L.",12286,1,"Kid-E-Cats Hockey Elo"
"Nilesh Swearingen",12279,1,"Brick Stack Catches"
"EAJF Fund",12221,1,"866vip8a6tDust Bell"
"Echidna Games",12087,2,"Dot Paint - ASMR Flow Puzzle | Sizzle Match"
"MOBILEVERSE DIJITAL HIZMETLER LIMITED SIRKETI",12056,1,"Yarn Away Loop"
"PradipGames",11885,1,"TeenPatti Master Star"
"Royal Frost Gaming Group",11738,1,"Zeus Lightning Quest"
"Odd Latent Games",11736,1,"Tile Wisp"
"Geni Game",11649,1,"Craft Town 3D"
"Fiogonia Games",11604,1,"Juice Up*"
"kauquaboe apps",11597,1,"Tic Slide Snake Saga"
"Serocan Medya",11533,2,"Struggle for Land | Master of Cut"
"MOHD SHAFIE BIN ABDUL SAMAT",11463,1,"IE GAME"
"Sahay Plus Limited",11130,1,"Vantage Ace"
"ARSA Labs",11029,1,"Carrom Board - Offline Game"
"Top Notch Games",10954,1,"Solitaire Word Connect"
"GoAppIC",10864,1,"Rummy11"
"CONATURE",10843,2,"Screw Pixel - Jewel Puzzle | Pure Nonogram : Logic Picagram"
"Shengjie AutoTech",10804,4,"Opulent Delirium | 22666 Glass Thorn | Oblivion Express | Codicil Eternity"
"SARDAR YANGIRHEP",10798,1,"Dialed GG"
"Onetap Global Limited",10738,1,"Bounty Go!"
"aewmoayye apps",10683,1,"Rummy Championship Arena"
"JINGZI",10673,2,"Word Color Pro | Count Egg Max"
"Michael Sherriffs",10643,1,"BFDI Blast"
"Hong Kong Beidou Games Co., Limited",10625,1,"CrazyShoppingCart"
"Trang Vu",10513,1,"Chase Brainzot: Run for"
"Vital Few",10446,1,"Eagle Eye"
"RCS MediaGroup S.p.A.",10445,1,"FantaGiro"
"Arte Terra Clima Foundation",10436,1,"Tik 88 King of Cards"
"GameLabBD",10389,1,"Volcano Mystery"
"4 Us Games",10379,1,"Knit Jam - Thread Rush"
"JEC Capital",10309,1,"866vipTurn Back"
"BOBO Inc.",10289,1,"Nordic Wood Workshop"
"Xinghang Game",10269,1,"Jade Master"
"ORION FUTURE TECHNOLOGY LIMITED",10268,1,"Faith Color-Bible Coloring"
"Bkhdjjd Cjtshjtk",10246,3,"22666Asset | RecipeMatrix | 22666Drain"
"Byron Agro Private Limited",10239,1,"Super Ace King"
"NDM FACTORY",10218,1,"Impostor"
"BellaaaaaGame",10191,1,"Jigsaw Puzzle Zen"
"PixelLab Ltd",9941,2,"16 Bead Fun: Online Sholo Guti | 16 Bead Now: Online Board Game"
"Hosindwick",9928,3,"CV999 Snuggle Blocks | KG999 Tap the Tails | 7U7 Planes Go"
"Danoali",9891,3,"Ace67Glow | Mind Matrix | Dot Xor"
"JIKONG",9810,1,"Color Block Catch"
"Huong Nguyen Mai",9701,1,"Piano Rush - Music Game"
"Abu Yemen Inc",9673,1,"Noctiara Match"
"Lush Forest Limited",9643,1,"Snake Block Jam"
"Yue Zhan",9624,1,"67 Speed: Viral Brainrot Game"
"risako oiso",9606,1,"\u8131\u51fa\u30b2\u30fc\u30e0\u3000\u5e73\u6210\u30ce\u30b9\u30bf\u30eb\u30b8\u30a2 BOY"
"Base Entertainment",9536,1,"star: The Game"
"CyberGame Limited",9521,1,"Mahjong Pair! - Tile Match"
"ABDALLAH SALEM",9503,1,"Mahjong Beauty: Puzzle Journey"
"Earn app Engineer Sangeet",9482,1,"Royal Rummy"
"FALCON GAME",9482,2,"Aqua Twist - Color Flow Puzzle | Sort Packtory"
"Pixel Paradise",9475,2,"Beauty Puzzle Glow Pro+ | Number Rush: Merge & Survive"
"Computer Planet, Inc.",9426,1,"Blackie Run"
"DuoPeak Inc.",9409,1,"Solitaire - Classic Card Games"
"Yalla Technology FZ-LLC",9395,1,"Word Box: Association"
"Sam Shepherd",9300,1,"Chess Peace"
"Yisheng Tech",9282,3,"Boiling Jungle | Eventide Reach | Gilded Wither"
"Game Garden \u2122 Flower & Merge Games",9272,1,"Flower Haven: Home Merge Games"
"Developer Tech Builder",9269,1,"Brunt Sculpt"
"ZARYA AGRO ALLIED",9226,1,"Rich God: Joy Spin"
"Olgun Aldemir",9189,1,"LexUp \u2013 Test Your Vocabulary"
"VPN Proxy Super",9184,1,"Charades! Guess the Word"
"PawPop Games",9126,1,"Find Hidden Cats \u2013 Puzzle Game"
"Shev Kater",9117,1,"Pokie 7 Bust"
"Mitsutaka Yamane",9079,2,"The Mysterious Internet Cafe | EscapeGame:PublicToilet"
"Rays closet Store",9069,2,"The Modular Metropolis | blast of black kitties"
"Technohama",9065,1,"Candyteng Game"
"Luda Network Unit",9034,4,"Shape Reflex | Number Order | Icon Puzzle Spot | Rapid Truth Test"
"plaza tech",9030,1,"chessMMO.gg"
"OCEANIA GOODS LIMITED",8959,1,"Make 24"
"FIOGONIA LIMITED",8932,2,"Card Associations | Word Solitaire Associations"
"ONESOFT GLOBAL PTE. LTD.",8854,2,"Knit Pixel: Color Puzzle | Goodsy Match: Puzzle Game"
"DRILLING AND PUMP",8840,1,"TD PuzWord"
"Mha Developers",8798,2,"Block Blast | Coin Catch"
"BINGCHUAN NETWORK (HONG KONG) COMPANY LIMITED",8773,1,"Last Light: Struggle"
"Rimanequoc",8771,1,"Quantum Spark Nook"
"Qiangshi Yingni Network",8757,2,"22666 Rust Bell | Sirocco Belle"
"Zubok Games",8670,1,"Betano"
"HAPPY TIME GAMES",8665,1,"Ghost Hunter\uff1aMaster"
"sama deeraty",8647,1,"Komax Game"
"DEVELOPMENT WISDOM",8548,2,"Lexi Bowl: Word Bowling | Mahjong Match\uff1aClassic"
"Father Son Group",8516,1,"Solitaire Seduction: Card Game"
"Baetien",8488,1,"Zen Bloom Space"
"PlayStellar Games",8471,1,"Orc Saga"
"Solan Games",8457,1,"Space Craze: Galaxy Shooter"
"Rovio Entertainment Oyj",8438,1,"Angry Birds Match World"
"khayDHex",8387,2,"Amber Macro Log | Safe Setup Box"
"OmerAtias",8359,1,"Sort Jam Adventure"
"FGL Casual Match-3 and Bingo Games",8347,1,"Bingo Tropical Paradise"
"Jeux automatic",8314,2,"Liftoff Legends | Gem Pop Blitz"
"Tangwei Info",8308,2,"Negative Space | Kaleidoscopic Threads"
"SOLKEE",8295,1,"Amaze"
"Sellbuygreen",8206,1,"Tomodachi Life: Live The dream"
"Gloryway Puzzle",8189,1,"Color Puzzle Jam -Car Out Rush"
"SAIDMAINT",8176,1,"Casino:Plus PH"
"ZheDing Precision Unit",8175,2,"22666Dust Moth | Dash Figure"
"Parallel Studios Inc.",8170,1,"Parallel: Strategy Card Game"
"WAYSTAR GAMES D\u0130J\u0130TAL SERV\u0130SLER A.S",8162,1,"Words of Zen: Crossword"
"RedInfinity Studio",8124,2,"Picture Jigsaw- Puzzle Gallery | Odd Jigsaw Puzzle: Shape Match"
"38 Country Club Gate LLC",8094,1,"Treasure God: Nice Spin"
"Honey Badger Games LTD",8069,1,"Word Groups: Match & Sort"
"Gamehouse LLC",8052,1,"Midnight Dreams Hidden Objects"
"LUDO ARENA",8051,1,"Ludo Arena - \u0dbd\u0dd6\u0da9\u0ddc"
"Kano entertainment Media",8036,1,"Skyline Nova Crash"
"Fatha Games",8012,1,"Perfect Fit"
"FunCraft, Inc",8009,1,"Shut the Box: Classic Dice"
"SooYoung Oh",7993,1,"Bonjour Boutique: Store Tycoon"
"Tumakilana",7984,5,"CrystalGrid2048 | NeonSnakeArena | Candied Hawthorn Trick | FrostMemoryMatch | OrbitMerge"
"XUNJU TECH",7960,1,"Dragon Luck: Happy Spin"
"Funtap  Games",7950,1,"T\u00e2n 3Q: MAX"
"Shanlu Tech",7943,1,"Quick Calcs Pro"
"Mai Ukita",7940,1,"Escape Game Celebrity Mansions"
"Cosmic Lab",7849,1,"Fruit Mania"
"BaTuyen",7827,1,"Spirit Clash: Elite Arena"
"Svedala Blommor",7811,1,"Lucky 3 Patti jova"
"Qdan Inc.",7783,2,"God of Walk | Fun Walking Game | Koo Ron Do | Debate Party Game"
"Studio Carrus",7752,1,"Logic Master : Brain Games"
"Maru Sankaku Shikaku",7711,1,"EscapeGame - JapaneseStyleRoom"
"GALA BUSINESS SERVICES LIMITED",7701,1,"Goher Market"
"Mejhe Technology",7695,3,"Labyring | LinkDrops | Multiplying Dead"
"YumYumYukYuk",7685,1,"Clay Jam Classic"
"AdSide Media",7676,3,"Word Association Slide | WordFlip: Letters Cards Logic | Thematic Crossword"
"PHALIA TECH",7657,1,"Egg Car Travel"
"Breno C\u00e9sar",7620,1,"Radiance 3 Patti Ace"
"Blacktile Games",7534,1,"KK Drop 2048"
"YUICHIRO MIKI",7402,1,"\u8131\u51fa\u30b2\u30fc\u30e0 Escape Collection"
"PIXEL KING PTE. LTD.",7392,1,"Pixel Fever!"
"Michiyo Kirigaya",7369,1,"Escape Game Custard Pudding"
"Mzk Soft",7361,1,"Merge Stacker: Number Puzzle"
"Top Spices",7344,1,"Wave Rider Cat"
"PlaySimple Games",7311,2,"Solitaire Word Association | 2026 Word Connect Association"
"Skyvision drones",7240,1,"Block 2048"
"migapka",7233,1,"youdontsay"
"Blockbard Studios",7224,3,"Block Puzzle: 200 Levels | Hex Number Puzzle Game | Relate: Word Puzzle Game"
"Berry Games Yaz\u0131l\u0131m Teknoloji Limited \u015eirketi",7203,1,"Berry Mahjong: Tile Match"
"XUYUE",7183,2,"wuus | dawd"
"MOHIT SELLER TECHNOLOGY",7181,6,"Yono Rummy | Rani Slots | Rummy 888 | Spin 777 | Slots Spin | Remi 101"
"Marinescu Christina-Laura Persoana Fizica Autorizata",7170,1,"WordTok 2"
"Timber service",7166,1,"Plin-Ko"
"VN INTERNATIONAL",7163,1,"Mine Sweeper: Classic Puzzle"
"QIJIE",7161,4,"Fast Number Reflex | Brain Memory Cards | Falling Object Rush | Double Arrow Dash"
"adnan792",7123,3,"Spike Dash | Castle Stealth Raid | Fruit Slice Master"
"TaSharE Development",7097,1,"Word Charms"
"dottsoonmelvin",7096,2,"Bingo Win Cash: Real Money | Bingo Win Cash: Real Cash!"
"Combo Games",7065,1,"Solitaire Sort!"
"QUAHOG PLUMBING LLC",7039,1,"TeenPatti 3 Rummy Poker"
"Volt Engine",6939,2,"Fruit Blaster | Crown Pop: Match Clear"
"Indraft Innovation",6911,1,"\u0e41\u0e2e\u0e1b\u0e1b\u0e35\u0e49\u0e04\u0e19\u0e40\u0e25\u0e35\u0e49\u0e22\u0e07\u0e2b\u0e21\u0e39 - Happy Hog"
"Engineer Mom",6905,1,"Modest Chibi: Dress Up & Style"
"NUANCES COIFFURE",6904,1,"GachaPedia Game"
"guanhuitrad",6894,1,"Sort Master: Color Ball Game"
"CO AND EF LIMITED",6816,2,"Spider Solitaire\uff1aStamps Travel | Jigslip"
"Daughters of Destiny",6789,2,"Age Calculator | To Do List"
"Little Thinkers",6775,2,"Gold lowa Teen Patti | Trail Teen Patti Game"
"\u9e64\u9e23\u5de5\u4f5c\u5ba4",6769,1,"Beat Trace"
"Markhor IT Solutions",6731,1,"Line Game Drawing Puzzle"
"Developer Sha",6709,3,"Drift Path | Flick Strike | Inner Knot"
"SHUEISHA GAMES",6686,1,"Urban Myth Dissolution Center"
"StarBerry Games",6669,1,"Garden Getaway: Merge & Design"
"Earium",6644,2,"Legends of Splendoria: gems | Skitgubbe: Mattis Card Game"
"Phi Long Nguyen",6634,2,"Onet Connect Animals 2026 | Onet Link Animals"
"Lions World Inc",6619,2,"ZO Play: Games & Watch Dramas | ZO Play"
"Ricleonardo Galit",6591,1,"MemoryGrid: Pattern Puzzle"
"remziotcu02",6577,2,"Fold Crease | Echo Wave"
"CortexStudio",6572,1,"Animal Escape: Tower Defense"
"Molina Catrine",6487,1,"Crack Path"
"BSB Build",6462,1,"866vipIron Petalr"
"Vetavicvic",6398,2,"AA345Sift | AA345Flow"
"JANG JONG WOO",6395,1,"MIX3"
"Chill Adc",6368,2,"Bau Cua 2026 2027 | Bau Cua 2026"
"Sarvagya",6344,1,"Snowman Spin: Timer Puzzle"
"Tender Vine",6336,1,"866vipCut Deep"
"FUNVERSE TECHNOLOGY LIMITED",6323,1,"Arrow Go:Casual"
"White Oak Pastures, Inc.",6262,1,"UF999Dream Stack"
"Tiansheng CloudRise",6204,2,"Light Violations | Sarcophagus Bloom"
"Linh Nguyen Si",6194,1,"\u0110\u1ea5u tr\u00ed ho\u00e0ng t\u1ed9c"
"GlimmerJoy Limited",6135,1,"Arrows Flow - Escape Puzzle"
"R.A.B Developers",6129,2,"Sugar Swap Spectacle | Bubble Cascade"
"Simple Feature Lab",6107,1,"Local FiveChess"
"NextRealm Studios",6059,1,"Draw It All - Brain Puzzle"
"Mustife",6029,2,"Crest Rise | Bolt Spark"
"PT. Ulu Mas Jaya",6022,3,"Chicken Road 2 | Chicken Road 2: Play Earn Cash | Chicken Road"
"Biyaherong Chess App",6021,1,"Biyaherong Chess Coach"
"joystar games",5889,1,"Bible Jigsaw Solitaire"
"LumiPlay Limited",5865,1,"Azulejo Tile Match Puzzle"
"BKT Tam",5849,1,"Aviator Game"
"Misha Games Studio",5812,1,"Kriptogram: Kelime Oyunu"
"Feiba Dev",5793,1,"Mahjong Tile - Amazing Match"
"App Hub 360",5743,2,"AA345Bloom | Crack Slice"
"Noman Product Dev",5687,2,"Card of PavoLink | Quant Card Game"
"vttStudio",5682,1,"Fusion Ball\uff1aCandy Bloom"
"\u6587\u6d9b \u5218",5653,1,"Color Man Puzzle"
"dkary555",5626,1,"Fire Ludo"
"Empire Dating Apps Limited",5621,1,"Chess Reels: Puzzles & Tactics"
"ArtemitSoft Ltd.",5595,1,"Mindigo: Bilgi Yar\u0131\u015fmas\u0131"
"DO GAMES LIMITED",5589,4,"Mystery of Myths: Whisper F2P | Detective Club 2: Bonus F2P | Hidden Portals 1: Bonus F2P | Mystery Phantoms: Ghost Secret"
"VRNGames",5580,1,"Cryptogram"
"PIXEL RABBIT LIMITED",5512,1,"Don\u2019t Touch Grass"
"BOXIN Game",5512,2,"Tile Brain:Elegant Sudoku | Tasty Detective:Hidden Treats"
"TGamevn",5511,1,"Connect Logic Puzzle"
"\u56e0\u6ce2\u65af",5498,2,"Color Conveyor Jam | Brain Hexa Pop"
"Aerie Solutions 2022",5495,1,"Running Ball Game"
"FunCraft Games",5490,1,"Dice Heroes - Roll To Win"
"dengleitrad",5477,1,"Classic Ball Sort Puzzle"
"Faisal Iqbal Developer",5448,3,"22666Nudge | 22666Realm | Aura Sculpt"
"Fantasy Future",5444,1,"Onsen and Girls"
"Byteon Labs",5388,1,"Solitaire Jigsort: Girls Card"
"RO EVROMED",5380,1,"Revolut Casino: Big Win"
"Tianjin Zhongdetai Network Technology Co., Ltd",5374,1,"Sizzly Jam: Roast Game"
"Raghuveer Rawat",5372,1,"Snake Arena: Death Touch"
"Shaoqian Tech",5362,2,"Bullxcavo | Astro Lab"
"summer affica",5344,1,"Block Puzzle Mania"
"Do Games Limited",5335,3,"Detective Club 2: Extra f2p | Hidden Portals 1: Extra f2p | Mystery Phantoms: Secrets"
"Long Live",5329,1,"Berry Flapper: Worm Dodge"
"Thrive Games, LLC",5319,2,"Trivia Resort Fun Trivia Game | Category Crossings: Sort words"
"RUNNFENG LIMITED",5314,1,"Match Ten & Pairs"
"GuHe Tech Guardians",5300,2,"22666Flat Line | Extent Hunt"
"Developer kaleem",5292,2,"vip234Glide | vip234Spark"
"Geckolor Inc.",5288,1,"Left or Right: Style Battle"
"Leadwin Ads Limited",5273,1,"Tap to Start - Drive"
"Chess Online: Xadrez",5265,1,"Chess Online: Play & Learn"
"VirtuePath Tech",5255,3,"Shoal Seeker | Clear Harbor | Star Fisher"
"Yanggui Can Tech",5251,2,"22666 Ash Wing | Rhythm Align Point"
"Keisuke Uchida",5250,1,"Escape Game ~Where's Holiday~"
"Jugadu",5235,1,"Fandyeng Game"
"Subahyter",5235,4,"J188Study Focus Core | J188Stellar Mood Beam | J188Tempo Task Focus | J188Trove Life Book"
"ZHENXIAOYIYI",5223,4,"Daily Play Shift | Nexor Tap Core | Path Echo Trace | Orvex Flash Tap"
"GalaxyWingGames",5205,1,"Cute Guy Rush"
"Nikola Sakota",5202,1,"Slu\u0161aj Sad Ovo"
"Grearn Africa",5197,1,"Mega Beater"
"Kensuke Horikoshi",5188,1,"EscapeGame MindlessRoom"
"Nikols Sakota",5151,1,"Slu\u0161aj Sad Ovo"
"IMTS Limited",5142,2,"Rainbet | LoneStar Casino"
"Nordcurrent UAB",5141,1,"Stardom: Fashion Influencer"
"DesignebyextiGoraftHUB",5138,1,"Flame Flee: Trap Evasion"
"Funrado",5114,1,"Painting Flow"
"Iswt Plast LTD",5107,1,"Megapari"
"Happy Fox",5095,1,"Animal Rush: Barn Escape"
"Patrebel",5053,1,"Wall Spike Escape"
"HighTech Mater",5051,1,"Bus Seats"
"Min Joo Kang",5036,1,"Hamster Chef : Idle Restaurant"
"Cenke Tech",5012,2,"BDT222 | Piece Puzzle"
"Ultra Casual Lab",4977,1,"Pen It! Zen Master"
"\u7545\u73a9\u65f6\u523b\u79d1\u6280\uff08\u6df1\u5733\uff09\u6709\u9650\u516c\u53f8",4975,2,"Earth Dunk | Fill The Glass"
"Chengdu Warrior Tech Limited",4973,2,"Drop the fruit! | Sand Pour: Color Sort"
"FCW",4936,2,"Jade Bastion Guard- Mahjong | Serene Tea Parlor"
"number 18",4926,1,"Puzzle Seek:Piece Finder"
"13Q.Net",4876,1,"Kelime Oyunu Online"
"Lunar Interactive Arts",4845,1,"World Tours - Word Search"
"COLOSSAL",4841,1,"Ice Fishing Play"
"AGENTIC DISCOVERY SOLUTIONS LTD",4824,1,"Amunara Light Path"
"Ma appina",4809,1,"AnubisTempleSpin"
"MILLE JEUX",4772,1,"Fun Gane Game"
"Dev Amanulla",4754,1,"AnyB Slots Simple"
"Qixin Electronics Co., Limited",4744,1,"Tidy Hesap Makinesi"
"Dot Product d.o.o.",4720,1,"Bela Pro"
"KJS Power",4675,1,"Astra Hush"
"BitTekno",4657,1,"King of Trivia"
"Fugo Games",4655,1,"Wonder Maze"
"Play365",4651,1,"Block Fever Crush"
"Diva Lab",4627,1,"Critter Snap Puzzle"
"Imad Hamidi",4616,1,"Catnap Coloring & Playtime 5"
"Sutysleriy",4607,1,"Noble Wine Vault"
"Neal Emard",4579,1,"Lucky Teen Unaware"
"\u58f9\u73a9\u5de5\u4f5c\u5ba4",4572,1,"Magic Match Pop"
"Trent Debugger",4568,1,"PiSlots Simple"
"App Revolution, Inc",4538,1,"Slot Seven"
"SVC Photo",4537,1,"RedAviator"
"ZEYNEP BERBER",4527,1,"Word Search Game: ClueSearch"
"Valentijn Harms",4526,1,"Finger Picker - Team Chooser"
"STARSPRITE PTE. LTD.",4525,1,"Block Craft - Puzzle Games"
"Hong Kong Play Technology Limited",4501,1,"Doodle Magic: \u0420\u043e\u0433\u0430\u043b\u0438\u043a TD"
"Ga Lok Hou Co., Limited",4455,1,"Teen Patti Positive Master"
"Hasib Shanto",4454,1,"Tropical Match: Time Challenge"
"Piece of Web",4446,1,"BLFFD"
"PT INTERLINK TECHNOLOGY SERVICES INDONESIA",4423,1,"MahjongVortex7"
"HyperPlay art Studio",4388,1,"Lava Coins"
"DRAGONVALE LIMITED",4377,1,"Happy Yarn Journey"
"east chamber philosopher",4368,1,"SkillCircle"
"Qiubo Info",4354,2,"Selenic Wanderer | Gordian Knot"
"Bdevs Tech",4318,1,"The Wild Wolf"
"MIUZIK LABS TOV",4302,1,"Road Sign Cards"
"laike",4238,1,"Stack Race"
"Van Du Ta",4232,1,"Find Hidden Items-Searching"
"DEVVVS 0206",4214,1,"Rainbet"
"ProueStudio",4169,1,"MoMethe Word Search"
"Trendoraapp",4155,1,"Galaxy Blast: Match 3 Puzzle"
"Alkhayat Software & Web co.",4144,1,"Football iQ - \u0630\u0643\u0627\u0621 \u0643\u0631\u0648\u064a"
"Words Mobile",4122,1,"Solitaire Word GO!"
"CHOUPALA GAMES",4105,1,"Ice Gem Crush"
"RED TREIDINH",4104,3,"Ice Fishing: Frozen Bait | Tipico | 1xbet"
"Follow The Fun Productions LLC",4093,1,"KOH University"
"Erkan Eroglu",4079,1,"Word & Logic Mini Puzzle Games"
"A2.Game Development",4044,1,"Three Cards Monte - 3 Patti"
"XIQIAO",4041,4,"Color Puzzle Tap | Match Tap Game | Reflex Choice | Rapid Number Order"
"Booma Top",4030,1,"Fishing Island: Catch & Steal"
"KikiQuizGames",4021,1,"KikiQuiz"
"Villa Financial Services, LLC",4018,1,"ContrastGrid"
"Imran2025",4011,1,"Teen Patti Joy Land Casual"
"Waad Mubarak Fadul Abdoun",3995,3,"Sculpt Flow | Kindle Lens | Hatch Pulse"
"Tsepi Games",3994,1,"Sparksplat: Ball Paint Puzzle"
"FindUGame",3988,1,"3D Toys Match: Brain Out Ultra"
"Fusong Network",3978,1,"Smile Maker"
"YuYueYouXI",3975,1,"Lucky Knife: Hit & Win"
"Zancuk KETEL",3975,1,"Verdant Spire"
"James booton",3931,2,"JiLiDD | 33L"
"etermax",3927,2,"Word Solitaire: Card Adventure | Solitaire Kingdom Quest"
"michael dardol",3918,1,"KubiLogic - Dice Logic Puzzle"
"POIPOI Inc.",3909,1,"\u304a\u3062\u30d8\u30eb\u30d7 by \u304a\u3062\u30dd"
"zhih-hao Shio",3875,1,"\u62c9\u8482\u4e9e\u7684\u9ab0\u5b50\u4e4b\u65c5 - \u7642\u7652\u7cfb\u5192\u96aaRPG"
"John Mark Delima",3869,1,"Bugtong Cryptic"
"Perfect Gaming Studio",3863,1,"Magic Mahjong"
"Netkreatives",3858,2,"WordSalvo: 2 Player Word Game | WordSalvo - Word Game"
"Huaiying Network",3833,3,"PawsFrienTiku | Zippmoji | Denivortch"
"East Side Games Studio",3830,1,"Trailer Park Boys Match"
"Lumino Technology",3821,1,"Ludo Global -Classic Ludo Game"
"Gadhiya Bhavnaben",3815,1,"Patches - Block Puzzle Shikaku"
"SINBAD NETWORK LLC",3815,1,"Sinbad Crystal Quest"
"PTX Inc.",3811,1,"Powl\u661f\u3064\u306a\u304e \u4e00\u7b46\u66f8\u304d\u30d1\u30ba\u30eb\u3067\u30dd\u30a4\u30f3\u30c8\u8caf\u307e\u308b\u30dd\u30a4\u6d3b\u30b2\u30fc\u30e0"
"Galaxy Astronaut Games",3796,1,"Snake One Line: Drawing Puzzle"
"Mitsuaki Itasaka",3790,1,"Escape Game Hidden Room"
"Doghowl Games Ltd.",3784,1,"This Aint Even Poker, Ya Joker"
"Developer ya",3766,1,"Pril Oilm"
"GauravSingh",3749,1,"Dhurandhar - The Game"
"Almas text",3748,1,"22666Ember"
"The DragonEdge Vanguard",3743,2,"Orvex Pulse Drift | Crydex Memo Grid"
"Windplay Game",3733,1,"Blue Area"
"axtro studio",3715,1,"Dockwendy Game"
"Shanghai Qinchuan Industrial Co., Ltd.",3713,1,"Meow:Three Kingdoms"
"\u519b \u8d75",3696,1,"Rising Star Football"
"Courage. Limited",3692,1,"Lama Ludo KSA - Ludo&Jackaroo"
"MindScan",3685,1,"Hangman 3D"
"Lawrence Martin",3682,1,"Tricky\u00a0Brain\u00a0Puzzle:Mind\u00a0Twist"
"Simulation Simulator Studio",3681,1,"Tile Master Mahjong Match Game"
"B\u0130LTAP F\u0130NANS VE E\u011e\u0130T\u0130M TEKNOLOJ\u0130LER\u0130",3650,1,"Harfta\u015f - Online Word Puzzle"
"Sparkling Society Games B.V.",3649,1,"City Island: Deluxe Go Build"
"\u5fb7\u5dde\u591a\u4e50\u4fe1\u606f\u79d1\u6280\u6709\u9650\u516c\u53f8",3641,2,"Triple Meow: Cat World | Monster Push: Defense Puzzle"
"Gamiation",3626,1,"Hondyrang Game"
"LapiLab",3609,3,"Letter Sort: Word Puzzle | Worgle - Word Puzzle! | Chef Solitaire"
"Eunike Limited",3592,1,"Bovada Casino"
"FoFoA",3587,2,"Bubble Beater | Brick Breaker Craft"
"Yang Li",3586,1,"Billiards 8 Ball: Pool Games"
"SENGEL HANSDA",3583,1,"Stress Relief Offline Games"
"52PLAY GAME",3581,1,"Teen Patti - 3 Patti card game"
"Mawa tech",3563,1,"Ludo Sawa - Multiplayer game"
"APY Creation",3514,1,"Ludo Champ"
"T-HEART",3500,2,"The Gorging Serpent | Snake Conqueror"
"Rummy City",3499,1,"Rummy City : Cozy & Classic"
"Izanagi Production",3498,1,"Solitaire - Relax Card Game"
"Anh Le Thi Tram",3486,1,"Jump for Roller Brainjot"
"DkTech inc.",3483,2,"Word Search: Find Words Puzzle | Mahjong Classic: Tile Match"
"DYLAN WILDERNESS",3469,1,"Teen Patti Calif Hands"
"ADENASH STITCHES NIG LIMITED",3458,1,"Jelly Furry:Fruit Match"
"COTTONBURG",3453,1,"Xmas Eye Spy"
"MCZ Apps developer",3451,4,"Chain Match | Word Jam Sort | Letters Jam | Domino Association"
"Srk khan",3447,1,"Teen Patti OeMaster Back"
"Cats Nail Studio Dev,",3445,1,"Rummy Ludico"
"XGame Global",3445,1,"Yarn Out: Color Sort"
"Voice Recorder App.",3435,1,"Chess Online: Play & Learn"
"Ramor Studio",3435,1,"Tahmin Et! - Ben Kimim?"
"MARINE",3434,1,"Lotus Petal Harmony- Mahjong"
"Developer kousar",3400,1,"Tlke Lxna"
"Levy Bless Studio",3397,1,"Idle Lawn Master"
"Uk organizationaccount",3395,1,"Phoenix Cards: showdown"
"Saad Ahmad",3384,1,"2 Player Games - Offline Games"
"Just Idea",3360,1,"Tokyo After School Pixel Blade"
"Erp Aero",3354,1,"Hearts - Card Game"
"AYSE TIJEN FIGANIOGLU",3347,1,"ColorTry: Color Memory Game"
"ZanGames",3330,1,"Solitaire Tripeaks Game"
"Goolny Games",3325,1,"Arrows Art Puzzle"
"Puzzleye",3304,1,"Jewel Pyramid: Match 3 Puzzle"
"Vanilla b.v.",3277,1,"Imposter"
"Berry Duo LLC",3241,1,"Trivia Shmivia: Quiz Games"
"Gantang Network",3221,1,"Bubble Rainbow Rise"
"Maksym Dzitsiuk",3185,1,"Ice Bot: Sliding Block Puzzle"
"kodalabsy",3178,1,"Astrocluster"
"HengYuTech",3170,2,"Pixel Snake | Element Clash"
"InfinityAw",3158,2,"Luck of Olymp | High Tower - Big Rush"
"Senh Sung Seo",3154,2,"Serend Solitaire | Calmra"
"Anas200",3130,1,"Smooth Royalty 777"
"The Urban Rewind",3119,1,"The Urban Rewind"
"BLACK GAME LTD",3117,1,"Super Ace King"
"Krates Games",3105,1,"Wordle - Word Game"
"Yelo Hood",3103,1,"Juice Order: Fruit Color Sort"
"Alex MD",3095,1,"866vipBoneAsh"
"Graham Campbell Technology LTD",3090,1,"Jade Scale Mahjong"
"\u54b8\u5b81\u5e02\u9ece\u9884\u79d1\u6280\u6709\u9650\u516c\u53f8",3088,1,"Jellifique"
"4Colors CreationStudio",3083,1,"4Colors Fun: Multiplayer Cards"
"Lumi Games",3073,1,"Solitaire -Classic Card Legend"
"Tatsuji Kuroyanagi",3064,1,"Escape Game Japanese Shrine"
"Good Products Asarfi",3045,1,"Simple Tiles: Serene Match"
"AgriRoot Studio",3043,1,"Spin101M"
"Mantita Games",3034,1,"Witchcraft!"
"Naeembhai",3030,2,"Swift Pop | Memory Match"
"APARTMENT.BACON",2981,1,"ASTRAL HOUSE  : room escape"
"Astro Hound Studios",2968,1,"Borderline: Power in Numbers"
"TFK Fastighet",2965,2,"Paddy Power | Bet88"
"Crunchyroll, LLC",2951,1,"Crunchyroll: Pikuniku"
"\ube44\ud2b8\ud06c\ub798\ud504\ud2b8(BITCRAFT)",2939,1,"Make 10 - Number Block Puzzle"
"WoyPlay",2922,1,"FilmoQuiz"
"Vtrophy Tech",2918,1,"Ebb Flow"
"PT PERTAMA AKUN BERSAMA",2911,1,"Quick Math"
"HAOZHONG",2883,1,"Dice Stack-Tower Building Game"
"ClinX HealthTech",2878,2,"22666Trace | K666Shell"
"VIZOR APPS LTD",2872,1,"Tap Away Decor - Arrow Game"
"PebHab Yaz\u0131l\u0131m",2872,1,"\u015eehir D\u00fcellosu"
"MST KHADIJA BEGUM",2865,3,"vip234Expiry | vip234Life | vip234Matrix"
"BcnBrainApps",2863,1,"Encadena Palabras: Juego"
"Shining Ambergris",2855,1,"Mahjong Match Mania"
"InventBros",2844,1,"Quizzy Journey - Quiz&Earn"
"Taira Hirasawa",2830,1,"Escape Game - Mini Trip 2"
"savurgames",2812,1,"Football Genius: Football Quiz"
"Jurre Vos",2810,1,"That's not my Neighbor."
"DBB Biz",2804,1,"Cosmo Paws"
"Combo Game",2800,1,"Solitaire Sort!"
"ABDULLAH SAFI LLC",2800,1,"Rummy Union Master"
"Chzlow",2796,1,"Jolt Swerve"
"Fingersteps",2787,1,"Word Control"
"SOHI PTE. LTD.",2775,1,"Tile Land: Triple Match"
"SDTech Studio",2775,1,"Snake Escape Master: Snake Out"
"Haythem Yousfi",2770,1,"Chkobba - \u0634\u0643\u0628\u0629"
"AFFAIRS OF NAIJA MEDIA LTD",2751,1,"Bigo Masters: Madness Star"
"Shanghai Liocha Network Technology Co., Ltd.",2750,1,"Bunny Bash"
"Epic Journey Games",2744,1,"Tower Rush"
"Implex Apps",2734,2,"Kelime Ustas\u0131: T\u00fcrk\u00e7e Oyun | Kelime Ustas\u0131: T\u00fcrk\u00e7e Bulmaca"
"Table Tank Games",2731,1,"Mahjong Haven: Calm Journey"
"PetrichorQuire",2719,1,"Meow of Meow"
"DEVr1136",2713,1,"Biblu: B\u00edblia Interativa"
"Endgame Chess Inc",2697,1,"Endgame AI"
"Sternumbusiness",2696,1,"LuckySlots"
"AYTech Apps",2693,1,"Shed Helak"
"LIHUHU PUBLISHING PTE. LTD.",2689,1,"Tile Slide Pair: Mahjong Match"
"Yauheni Klimantovich",2680,1,"Brick Escape - logic game"
"Bhargav Upadyay",2679,2,"vip23Crack | Tile Bloom"
"EHK Living",2675,1,"Raven Cry"
"Amanotes Pte. Ltd.",2667,1,"Juicy Blast - 3D Match & Music"
"HIGHSCORE GAMES Inc.",2656,1,"Where's My Cat?!"
"DUNG BAN TRADING LIMITED",2647,1,"Rummy Z 3 Patti Ace"
"LIm UEw",2644,2,"Kdiac Bnds | Crown ty"
"JoyPop Games",2642,1,"One Line Games: Puzzle Fun"
"L\u00fcks Kumas",2637,2,"Drift Align | Bloom Weave"
"alex.bajutov",2613,1,"Piece Master Game"
"Wixot Studios",2607,1,"Pixel Fill!"
"Clear Pebble",2607,1,"Grove Float Tap"
"TTEN TECH",2603,1,"Flight Warriors"
"Joy Star Games",2600,1,"Bible Jigsaw Solitaire"
"Emrah Olmez",2599,1,"The Hangman Online Multiplayer"
"Hkmht",2573,1,"Dragon Girls: Secret Cards"
"Programmer001",2573,1,"Echo Drift"
"Stargraf Agency",2529,3,"Histolea \u2013 Quiz Histoire | Geolea | Geolea - Quiz G\u00e9ographie"
"CV DUTA TATA LAKSANA",2503,1,"Mahjong Solitaire - Freecell"
"MS GAMING STUDIO",2470,1,"Ludo Raja"
"moussadev",2448,1,"Chicken Road"
"AppA11y, Inc.",2440,2,"Card World: Rummy Hearts & Gin | Card World: Rummy 500 & Gin"
"Penga Games",2439,1,"Block Jam: Color Puzzle"
"Global Holding Company",2437,1,"777 Fruit Winforge"
"Angel TEA",2431,1,"bau cua 2026"
"AxioTech Innovations Inc",2431,2,"Ace King | Super Ace-Jungle War"
"SFG Grill",2428,1,"Spider Web"
"Linxuan Tech",2424,2,"Wave Catcher | Fishing Frenzy"
"CHEF Game Studio",2423,1,"Liquid Orbit"
"Malikdeveloper",2422,2,"Drift Orbit | Bloom Path"
"Contestio",2419,1,"Gauche ou Droite ?"
"Trinh Tam",2418,1,"Arrow Master - Maze Escape Out"
"Zhewen Network",2417,1,"Ancient Tower Car Evade"
"seydou diallo",2413,1,"Tap Survivor"
"Klentervolner",2402,1,"Chicken Road"
"Jadex Games",2398,1,"TeenPatti Master 2026"
"Xuan Tuan",2396,1,"Tien Len Mien Nam: Pig Monters"
"SNG Games",2386,1,"Shut The Box - Dice Puzzle"
"Brave HK Limited",2384,1,"Tape Escape! 3D Puzzle"
"Abilenery",2383,1,"Solar Spark Pulse"
"Munem Roots and Harvest",2367,1,"Tp Cardix Arena"
"Maoqing Network",2356,1,"colorreflex"
"OONA",2354,1,"Happy Art: Color Your Way"
"codejo",2350,2,"FreeFive: Hex Gomoku 5-in-Row | FreeFive"
"Cozy Games Lab",2337,1,"Cozy Farm: Match-3 Adventure"
"Shaobao Info",2333,1,"Silk Stone Harmony"
"Bright Moon Gaming Studios",2332,1,"Big Catch Bass"
"Daniel Woolley",2318,1,"Zimmy"
"Perltec LTD",2317,1,"Domino Stories"
"Waretyzapoli",2314,1,"Glint Forge Tally"
"PANDORIO LTD",2303,1,"Merge Bazar"
"Tepes Ovidiu",2301,1,"Almost Out of Mana"
"GAMEE",2264,1,"Arrows Jam: Tap Escape Puzzle"
"Azur Interactive Games Limited",2257,1,"Train Simulator 2"
"Lotum GmbH",2256,1,"4 Pics 1 Word: Magic Museum"
"Advanced003",2252,2,"Chisel Sculpt | Glint Beam"
"Precise Distribution, Inc.",2251,2,"Number Spot | Pattern Spotting"
"PLAY GAMES24X7 PVT. LTD.",2233,1,"Ludo Circle : Online Ludo Game"
"Gr\u00e9goire Lemoulant (Bubble App Studio)",2226,1,"Werewolf : Undercover"
"BetGenius Inc",2216,1,"Rummy League Dominion"
"Works Inc.",2207,1,"4x4 SUDOKU mini"
"Taiwo Omisore",2206,1,"GameDen - Offline Games"
"GENTING STUDIOS SDN BHD",2184,1,"Zodiac Attack"
"Yudiz Solutions Pvt. Ltd.",2182,1,"Grid Patch: Logic Puzzle"
"DARK EXPLORER LTD",2179,1,"Cards Challenge"
"Rustai",2175,1,"Vyzyvatel"
"Vista code webwork",2175,2,"Sift Lens | Sculpt Mesh"
"GrassBlock Studio",2146,1,"Craft Archers: Merge & Shoot"
"AUNG ZIN MOE",2142,1,"SKM Game"
"Zophai",2140,1,"Dice Vault: Dice Collection"
"Birol Games",2133,1,"\u00c7engel Bulmaca PRO"
"Rumzik Hafiza",2123,1,"Coinnova Smash Glow"
"B\u1ea7u Cua Mi\u1ec1n Nam",2123,1,"B\u1ea7u Cua 2026"
"Second Gear Games",2122,1,"Mom's Crosswords with Pictures"
"Rita DEV",2119,1,"Maze Maker"
"ACTIONFIT",2107,1,"Merge Cat Detective"
"Mobinators Official",2104,1,"Menverty Game"
"YIKE TECHNOLOGY LIMITED",2104,1,"Tricky Puzzle 2: Brain Test"
"Jshikder Pro",2093,1,"jiggly digit detonation"
"Paulo Muniz",2086,1,"Padel Match Champions"
"Mesut isever",2082,1,"KeliMax - Word Battle Game"
"RedlineRev",2065,1,"Riddled: Daily Brain Teasers"
"The Quest",2061,1,"Party Games & Friends: Clich\u00e9"
"CATHY LISANDRA",2056,1,"Shockwave Impact"
"Ket Teknoloji",2048,2,"KPSS Co\u011frafya Haritalar\u0131 | Co\u011frafya Haritalar\u0131 - KPSS/YKS"
"WiseBeacon Tech",2041,2,"Return Protocol | Curve Uprising"
"MidDayDreams",2039,1,"Clucky Rush"
"BrainWave Games",2036,1,"Arrow Move - Pixel Gallery"
"ramzespit",2025,1,"Smashy Works Game"
"Andro Brain",2018,1,"Impostor: Deduce the Truth"
"Xiamen Moonwind Network Technology Co., Ltd.",2009,1,"Bolt Unscrew Rush"
"M.a Game Studios",2002,1,"Candy Land Match Saga"
"Zeus Fortune Solutions",2001,1,"Flappy Risse"
"SKY ROOFING SOLUTIONS LIMITED",1998,1,"MaGa Teen Patti Game"
"Domino Latino",1987,1,"Domino Latino: Multijugador"
"ADVANCE CONTNENTAL",1984,1,"Ganpati"
"Lixiaolong Dev",1983,1,"OtakuIQ - Otaku Quiz"
"Truong Giang Nguyen Vu",1977,1,"S\u00e2n ch\u01a1i tu\u1ed5i th\u01a1"
"MST AKLIMA",1970,1,"Vault Crack"
"StrongBytesGames",1934,1,"Unboxing Jam"
"Step Two Studio",1923,1,"Sudo Number: Math Logic Puzzle"
"takeyasu sawaki",1909,1,"Elshaddai Zero Nine Reversi"
"Bili Link",1906,1,"866vipSeeing Red"
"Husnain Iqbal",1902,1,"Mahjong Game: Tile Matching"
"Onlareni",1899,1,"Charging circuit"
"INSPIRAsolusi Dev",1896,1,"Teen Patti LDawn Canyon"
"Litejoy Games UG",1896,1,"Hidden Tales - Puzzle Stories"
"Bountiful Games, LLC",1891,1,"Playful Sort"
"BH SPACE LTD",1890,1,"Cryptogram - Word Puzzle Games"
"HeadlineThumying",1885,1,"Oasis Plant Care"
"TAHA ENES KAYA",1881,2,"KPSS Co\u011frafya Haritalar\u0131 | Co\u011frafya Haritalar\u0131 - KPSS/YKS"
"Tu Van Tran",1871,1,"Ludara"
"Jiexiu Net",1870,2,"Tap And Count | Sort Amount"
"ABE Entertainment Limited",1864,1,"Dead Ahead: Roadside"
"CAMER APPOS",1861,1,"CubeDash Card"
"IDALGO",1834,1,"Scorecast Classique"
"Forcel Games",1822,1,"Sushi Click"
"Ritz Deli Games, Inc.",1811,1,"Capy Rush Animal Escape Puzzle"
"Stoneplay",1802,1,"\ud55c\uad6d\uc7a5\uae30 - AI \ub300\uad6d, \uc628\ub77c\uc778 \ub300\uc804, \uc678\ud1b5\ud034\uc988"
"Saleem jatoi",1801,1,"s9 game earning"
"Rhyme Puzzle Studio",1797,2,"Word Tap \u2013 Search Letters | Word Invaders -Shooting Puzzle"
"Sofia Cid Gonzalez",1792,1,"Witchcraft!"
"Tour in a Box LLC",1788,1,"Mahj Parlour: American Mahjong"
"Scott Holland",1779,1,"Slide Block Puzzle Game"
"Lunapp Studio",1778,1,"What Is This? Guess the Word"
"Amazing Cat Interactive Entertainment Technology",1778,1,"\u4ed9\u9006M-\u5b98\u65b9\u6b63\u7248\u6388\u6b0a"
"mitra dev123",1776,1,"Math Quest"
"Vasundhara Games",1771,2,"Calm Mahjong Tile Match Puzzle | Calm Mahjong Tile Puzzle"
"Tidehunter",1763,1,"Lomi Shiny: Pearl Merge"
"TernakSehat11",1757,2,"Chisel Habit | Etch Bloom"
"NDB Solutions",1739,1,"Koala Climb"
"Icm trvc",1734,1,"Luar GcOey"
"Glitch Games",1731,1,"Mini Escapes: Infinity Pool"
"Glyph Today",1727,1,"Glyph - Daily Word Puzzle"
"Mulberry Tree Games, LLC",1726,1,"Cozy Crosswords"
"Znivox Games",1722,1,"Kelime \u00d6rg\u00fcs\u00fc: Kelime Tamamla"
"Wing Soft",1714,1,"Pig Out: Farm Parking Games"
"FEROUM Zakaria",1709,1,"Mot de Passe Jeu TV"
"Ngan Trinh Kim",1704,1,"Cslco"
"superdev801",1702,2,"AA345Resonate | Trace Glow"
"Romel Studios",1695,1,"Tic Tac Word"
"NU SOFT",1687,1,"\ub2e4\ud06c\ub85c\ub4dc \uc0ac\uac00 \u2013 \ud55c\ubd93\uadf8\ub9ac\uae30 \ud37c\uc990 RPG"
"DECKER CHRISTIAN FRIEDRICH",1670,1,"Spin City"
"Horusent Sing",1670,1,"Screw Words 3D"
"Top10impact",1663,1,"Truth or Dare - Party Spin AI"
"we sfd72",1659,1,"Dino Sniper"
"Sadaf Zulfiqar",1655,1,"Perfect End"
"Moralabs",1653,1,"\u0130\u015fGame"
"Elmaz Apps",1653,1,"Pulse Weave"
"VCS-Management",1630,1,"Astrofold"
"P KNIGHT CONSULTANCY SERVICES LTD",1630,1,"Zeus Mistery Time"
"SkyFury",1623,1,"Juice Order-Sorting Master 3D"
"loftgir",1623,1,"Scarab Treasure"
"Applee developer",1623,1,"Ultimate Pro: Skill Play"
"YayaGames",1622,1,"Viora Three Card"
"\u6885\u5170 \u5218",1616,1,"Ridge Rider\u2122"
"Expeallp",1616,1,"Gotcha Pets"
"\u5bb6\u4f1f \u83ab",1604,1,"Block Blast : Puzzle Games"
"DENGWANG TECHNOLOGY LIMITED",1601,1,"Tile Discover:Match Puzzle"
"Awaken Realms",1601,1,"Lands Of Evershade Companion"
"Junichi Chikugi",1589,1,"\u30df\u30b9\u30c6\u30ea\u30fc\u30dc\u30fc\u30c9(Mystery Board)"
"Kafeinman Games",1589,1,"Words of Civilization"
"Loy-Ren AB",1583,1,"Yapathon: Word Chain Puzzle"
"Luka Kuchukhidze",1582,1,"Veil Rush"
"Blue-Zoo",1581,1,"Fugglers: Reckless Runner"
"Brainytrainee Ltd",1579,1,"Prison Escape - Obby \u0421hallenge"
"Ankit Seth",1569,1,"Never Have I Ever: Game Night"
"Mui Pham Ngoc Quy",1569,1,"Trivia Win Streak"
"GameVui Dev",1567,1,"ZenChess: Play & Learn"
"kolabs.",1564,1,"KelimeBul: T\u00fcrk\u00e7e Kelime Oyunu"
"PlayValley",1564,2,"Word Pile 3D | Tridom 3D: Color Match"
"KSG Wise",1561,1,"Neon Shot"
"JUNYU",1559,1,"Flash Tap Wave"
"Aksel Yahni",1556,1,"Ice Star Jump"
"Jack's APP's",1553,1,"Custom Chess"
"Reliance Studio",1553,1,"Water Sort Puzzle"
"BuzCore",1550,1,"Tabu Fantastik : Cezal\u0131 MOD"
"Jiatai Tech",1548,2,"Color Board Tap | Rising Numbers"
"LinkEase Connect Limited",1532,1,"Shadow Step"
"ODYSS LTD",1526,1,"Omoyo - Play Go with Smart AI"
"Innerblooming LLC",1524,1,"Patches Puzzle Linkedin Blocks"
"Binan Entertainment Zone",1521,1,"Teen Patti Uzbek Master"
"kandy magistrale",1510,1,"birdy"
"GreenTomatoMedia",1508,1,"Imposter Game: Word Party"
"Brocker Bus Studio",1493,1,"Worm Escape"
"8Great Games",1492,1,"Mahjong XL - Sharp Mind Puzzle"
"Cultus",1492,1,"s9 game earning"
"Holmer Minut",1491,2,"Antipruritic Auricle | Declamatory Incubous Ming"
"Redline Rev",1490,1,"Riddled: Daily Brain Teasers"
"julien DOLAIS",1482,1,"Skitgubbe: Mattis Card Game"
"Fat Cat With a Hat",1481,1,"Letter Cubes"
"THE CABELLOLABEL",1481,1,"Pirate Spin Clash"
"Qtonz Games Studio PVT LTD",1479,1,"Hidden Object"
"Jadbell Properties",1472,1,"Taif 3 Patti Ace"
"\u6797\u4f1f \u9648",1470,1,"Backpack Defense: Zombie TD"
"WH Mob GAMES",1467,1,"Mint Mahjong:Puzzle Tile Match"
"Orange One Limited",1466,1,"Tile Flavor"
"Greystone  Properties  LLC",1460,1,"Chain Unravel"
"KT FunLabs",1455,1,"Word Search Passport"
"krakus",1447,1,"1xbet"
"F & Stef",1444,1,"Brainrot Memory"
"ismail elaariss",1441,1,"Goods Triple Tile"
"Partycome PTE.LTD.",1435,1,"Duboo: Carrom Arena&Club"
"AFK Journey",1426,1,"Kanban Musume:1000 Draws Gift"
"Kako Play",1419,1,"Ouk Chaktrang (\u17a2\u17bb\u1780\u1785\u178f\u17d2\u179a\u1784\u17d2\u1782)"
"duriiapps",1414,1,"Teenpatti Go"
"Appgeneration Software",1412,1,"Bible Trivia and Word Games"
"MobilityWare",1411,1,"Splash Sort: Color Puzzle"
"Playmaker Games",1408,1,"Truth or Dare: Party Games"
"Grapho Group Oy",1405,1,"GraphoGame: Fran\u00e7ais"
"Evtim Trenkov",1403,1,"Jigzun Jigsaw Solitaire Puzzle"
"Evangelos",1402,1,"Logiword"
"crim",1380,1,"Elshaddai Zero Nine Reversi"
"Windy City Games",1380,1,"The Mahjong App"
"etylerbj32",1374,1,"BA99Pet Farm"
"SfantasticGames",1369,1,"Escape Obby: Prison Cell 67"
"DeXaTron",1365,1,"Snake Puzzle 3D: Brain Game"
"\u7eaf \u5b59",1362,1,"Purr & Pour"
"Ngoc Phong Rieu Vuong",1357,2,"Medita Mahjong | Mzotv"
"Daniel \u00c1lvaro Paradela Delgado",1355,1,"Sueca Online"
"YOUSSEF BOUHROUR",1347,1,"Pressing Under Pressure: Tap"
"Zitga",1346,1,"Fruit Away"
"Luis Herskovic",1346,1,"Digline: Cozy Mining"
"chess.ceo",1330,1,"chess.ceo"
"Puffything Games Inc.",1330,1,"Sinclair's Notebook"
"ABI GLOBAL LTD.",1325,1,"Bus Loopy"
"Jollify Games",1313,1,"Block Escape Mania"
"Neon Retro Games",1308,1,"Neon Emulator - Retro Games"
"Apna Games",1302,1,"Apna Teen Patti"
"Creashiv",1291,1,"Glam Slide: Magic Puzzle"
"SFG Sales",1290,1,"7RR Sleep Tight"
"Digital Kingdom PTE.LTD.",1288,1,"Jigsaw Master: Puzzle Game"
"WUMITE DEVELOPER",1288,1,"Super Stacks: Fast Memory Game"
"WCGF",1288,2,"Cribbage 24 | Euchre Free"
"Sipodi",1286,1,"AA555Basket"
"Seryharpak",1284,1,"Vivid Palette Lab"
"HansolCreative",1283,1,"Wordy Buddy: Korean Puzzle"
"Grand Rise",1279,1,"Dash Glow"
"Onurcan Ozer",1278,1,"KPSS Ba\u015far\u0131 Rotas\u0131: Soru \u00c7\u00f6z"
"Micom Tech SRL",1272,1,"CarGuessr \u2013 Car Quiz & Trivia"
"MobiPlayApps",1265,1,"Chess"
"Prokul",1261,1,"Sweet Bonanza"
"Chengdu Infinite Seek Technology Co., Ltd",1261,1,"Arrow Escape: Arrows Go 3D"
"Stacktopia",1260,1,"Word Dungeon"
"Kampmann Ranch",1259,1,"Crick Quiz Game"
"Baiduca",1254,1,"Word Search - Classic Puzzle"
"Classic Card Game",1246,2,"250+ Solitaire Card Games Pack | 250+ Card Games Solitaire Pack"
"Hassi developer",1245,1,"22666Path"
"\u0110\u1eafc Kru",1243,1,"bau cua 2026 h\u1ed9t ch\u1ee3"
"COREUP TEKNOLOJI LIMITED SIRKETI",1235,1,"AZbul Word Find - Crossword"
"Team Subject Matter LLC",1233,1,"Modern Luck Poker"
"CodeAiYantra Studio",1233,1,"Arrow Escape: Tap Away Puzzle"
"Tapzap",1232,1,"Crush & Bounce: Brick Blast"
"Ezequiel Bonasegla",1230,1,"Footy Games"
"keepgamesimple LLC",1228,1,"Letter Sort - Word Puzzle"
"Indiez Global Pte. Ltd.",1228,2,"Solitaire Food: Card Journey | Solitaire Journey: Word game"
"Gequ Info",1226,1,"Drop Tick"
"CrazeVerse",1224,1,"Brain Vault"
"Pleed",1221,1,"Bible Quiz: Question Game"
"Hezihengel",1213,2,"Backgammon - Pip King | Are you stupid"
"Little Star Studio (SMC Private Limited)",1207,1,"Tic Tac Toe : XOXO Game"
"Menu Rqmi",1206,1,"Evo Fishing Mania"
"Endgame Chess",1205,1,"Endgame AI"
"Yendo Verde",1204,1,"App gratis: Trivia Mundial 26"
"Durian Studio Co., Limited",1200,1,"Dino Devour"
"RBJ Elite",1196,1,"Cards of Waifu: Collect & Duel"
"Aceline Games",1193,2,"Dominoes - Offline Domino Game | Dominoes - Classic Board Game"
"Rising Star Tech",1187,1,"866vipGo Dark"
"Abdullah Alkhayat",1182,1,"Football IQ - \u0630\u0643\u0627\u0621 \u0643\u0631\u0648\u064a"
"Nguyen Ba Chien",1178,1,"Solitaire Club: Tile Match"
"Tu Thao Vy",1176,1,"Takeya Ramen"
"DEVVVS 0212",1171,1,"Seoul style towerstack"
"AHMED OKA",1165,1,"Save The Panda"
"Jedaiah Kagan",1164,1,"Money Match n Rush"
"Huy Huynh",1158,1,"Shikaku: CellBlock puzzle"
"Sebs Game",1158,1,"Kelime Ustas\u0131"
"Jeong Mo Lee",1157,1,"CreateDun : Tower Defense"
"HYPERCELL SIA",1157,1,"Hungry Balls!"
"Waqto LLC",1153,1,"HoopsGo"
"Evoveo Tech",1149,2,"Word Connect: Crossword Game | Word Bake: Crossword Game"
"CDT GAMES LIMITED",1147,1,"Water Fit Puzzle"
"Jacob Gade Hartmann",1146,1,"Dronk \u2013 Festspil til forfester"
"Staple Games",1145,1,"Chess by Staple Games"
"Dev_Cash",1144,1,"Rich Teen Patti"
"Marto",1140,1,"Anotador de Truco: Puro Truco"
"Th\u1ea7n T\u00e0i M\u1edbi",1140,2,"Bau Cua 2026 3D | Bau cua tet 2026"
"Softexa Company",1137,1,"Tekalla"
"SENGOKU CORPORATION",1129,1,"Sum Solitaire Arena"
"Felicity Games",1128,1,"Lexy Word Solitaire: Card Game"
"Fidget Winner",1126,1,"Dial Tone - Rhythm Game"
"GAMEBORN Inc.",1125,1,"Mahjong Solitaire: Tile Puzzle"
"DAYALA TECH ENTERPRISES",1119,2,"Rummy 91 | BinGo 101"
"Astrasen Global",1114,1,"Piggy Jam - Traffic Escape Out"
"\u82f1\u83f2\u7fd4\u79d1\u6280",1104,1,"Drawn Saga:Unfold Find"
"meloyunda",1102,1,"Sphere Pro"
"Artulatif",1102,1,"Casus Kim? - K\u00f6stebek"
"OPTOELECTRONICS FUTURE LTD",1101,1,"My Voice Zoo: Quiz"
"Pedro Iniesta",1099,1,"Sapiens Club"
"DominiCoding",1098,1,"S\u0142owne Potyczki: Gra s\u0142owna"
"Prime Square Company",1095,1,"Super Win Ace"
"MMO Card Game",1093,1,"Durak - online card game"
"AVA WHITE",1092,1,"Mosaic Jigsort-Puzzle Quest"
"Shenzhen Zhonglian Hudong Technology Co.,Ltd.",1091,1,"3D Escape Room: Cursed Legacy"
"Enkitol",1080,1,"Knowladge Royale"
"MEATALICIOUS LTD",1079,1,"Pro Card Arena Edition"
"CentWise",1075,1,"Kenya at 50 Online"
"Happy-verse",1072,2,"How Well Do You Know Me Game | Would You Rather? Icebreaker"
"Murat Dere",1070,1,"Equestrian"
"Benjamin Bleriot",1063,1,"Flip 7 - Score"
"Misani Dev",1054,1,"misani"
"Essa Alqahtani",1053,1,"Time Race - \u0633\u0628\u0627\u0642 \u0627\u0644\u0648\u0642\u062a"
"King Island Studio",1053,1,"Mentium: AI Trivia & Quiz Game"
"\u9b54\u4e50\u79d1\u6280",1053,1,"Paper Journey:Puzzle Search"
"AgroPlay Kids",1050,1,"Cuidando dos Dentinhos"
"Bruno Andrade",1049,1,"Impostor"
"Queen Digital Entertainment",1049,1,"Wild Joker Poker"
"UNNERFABLE LTD",1048,1,"Bandospottr"
"ArcadeCore",1047,1,"Randy Rush"
"Harpreet Harvey",1045,1,"Lost Bind Glitch"
"NXVRMORE",1040,2,"Text Twist 2 Word Classic | Text Twist 2 Classic"
"Infinite Seek Studio",1039,1,"Arrow Escape: Arrows Go 3D"
"MLQ TECH",1037,1,"Classify Fun"
"Kshitiz products",1029,1,"Happy Arrow Rush"
"JURI PUETSSEP",1028,1,"Amphora Balance"
"Smiles Maker",1026,2,"Truco Venezolano Cl\u00e1sico | Descarte Argento"
"RALD STUDIO",1023,1,"TapCash - Play and Earn"
"Ignacio Saslavsky",1021,1,"KikiQuiz"
"Daryll Futch",1018,1,"Lucky Line Maze"
"Marnix Lutgerhorst",1012,1,"Edge Reality"
"FARUK ARIG",1004,1,"Bir Kelime Bir \u0130\u015flem - Yar\u0131\u015fma"
"Fabian Gatter",1001,1,"Travle: Country Border Puzzle"
"BUILON DIGITAL",997,1,"Capibara Color"
"property evolution",992,1,"Fan Duel"
"INWAVE GLOBAL",990,1,"Brainy Arrow: Tricky Story"
"ADRIAN RODRIGUEZ LAZARO",987,1,"Text Twist2 Classic"
"Izo Studio",986,1,"Quiz Rivals"
"Not Bad To Play",979,1,"Mythic Bouncer"
"Apollo Mobile Games",979,1,"Word Trails: Word Associations"
"Wide Stars Tech",976,1,"Barnyard Jam"
"Zhanqian Info",974,1,"Ink Splash Slice"
"Mubeen Ameen",965,1,"Car Modification Drift Race"
"Aaditya Garg",962,1,"Chess"
"SHRUBA TOV",962,1,"Road Cards"
"GameHouse LLC",959,1,"Solitaire Klondike Classic Fun"
"LTNHA Studio",958,1,"Caro Master"
"Sreehari M",958,1,"Etha Padam?"
"LITEORANGE CREATION PTE. LTD.",958,1,"Frost Valley\u2122: Merge & Story"
"ShiRui MechInnovate",956,1,"Treasure Quiz"
"FT Indiana, LLC",955,1,"findiffence"
"AZMGames",950,1,"Quiz do Milh\u00e3o: Desafio"
"Fag\u00fcl Studio",947,1,"Milyoner Ba\u015fl\u0131yor: Dini Bilgi"
"Ultimate Party Apps",939,1,"Imposter Game: Word Party"
"RED GAME",939,1,"Capsa Susun 13: Online Offline"
"Cencal Delivery Llc",939,1,"Right Catch Challenge"
"Luke Spine",935,1,"Scrambordle: Daily Word Puzzle"
"Fingers Yoda",933,1,"Word Cloud"
"Culture Quizz",931,1,"Culture Quizz"
"Archipelago Games AB",931,1,"Find It Now - Hidden Objects"
"Irfi BSN",925,1,"Rainbet"
"NEVSAR BAHANAN",925,1,"7x Cannon Boomer"
"Sonat Technology Limited",924,1,"Screw Blast: Shooter Factory"
"My Luong",923,1,"Piano Party: EDM Music Game"
"Victory Play Games",921,1,"COSMIC COLOR FLEET"
"Robus Word Games",917,1,"Hexa Word: Hexagon Word Search"
"CASELEN",914,1,"DuelX - Rekabet\u00e7i Kelime Oyunu"
"IC INTUITION LTD",912,1,"Sweety Fruit Bonanza"
"Solitaire Card Games Inc",910,1,"Solitaire Explorer: TriPeaks"
"MADFATCAT",907,1,"Privateers: Pirate Wars"
"Laran ASMAZ",906,1,"My Luma Path"
"Safdaralim",904,1,"22666Drift"
"Martekocay",899,1,"Brainrot Drop Match"
"LEJG Insight",899,1,"EA88 Rain"
"Developergty",892,1,"22666Stopwatch"
"Triple Tap Games Pvt. Ltd.",892,1,"Wool Runner - Loop Puzzle"
"Meks App",890,1,"QuizMaster - Para Kazan"
"Hernan Gastaud",889,1,"Fill it All Up!"
"Samad Azad",889,1,"29 Card Game"
"AHMET CAGATAY SOYER",889,1,"Kriptogram: Kelime Oyunu"
"Thomas Myers",889,1,"Football 501"
"UNIVERSAL MOBILE GAMES TECHNOLOGY CO., LIMITED",887,1,"Fruit Drop : Match & Sort"
"Perfect Level Games Ltd",886,1,"100 Jumps"
"Play2Ever Games",885,1,"Block Jam Out: No Timer Puzzle"
"BEKREM LIMITED",879,1,"Fate Columns"
"mahmoud taher",877,1,"Hottie Story: Water Sort"
"\u79c0\u82f1 \u5e08",876,1,"Jewel Sort Coloring"
"MARKO KOCH",876,1,"Superbet"
"Prime Foundry",875,1,"Prime Neural"
"ISRACHEM LTD",870,1,"Bumi Lumi: Baby Coloring"
"Cagri TEMEL",869,1,"Yaz\u0131m\u0131 Kar\u0131\u015ft\u0131r\u0131lan Kelimeler"
"CHAMPION CHARM",869,1,"Celestial Jade Compass"
"Quwen (zhengzhou) Technology Co., Ltd",867,1,"Bunny Meal Maker Rush"
"VicApp Game",866,1,"Tap Tap Donuts: Color Sort"
"500 Tilki",865,1,"Kelime Ligi"
"Urbexlocation",862,1,"Bandospottr"
"Husain Tech Build House",861,1,"Vibe Echo"
"TiaSia",858,1,"Imposter Find: Word Party Game"
"Gamekunda\u2122",857,1,"Callbreak"
"Kozakura Games",854,1,"Word Flow - Relax Word Search"
"Serhat KIZILKAYA",852,1,"Nut Out! - Screw Puzzle"
"Jupiter Technologies AB",849,1,"HP-spelet"
"Silver Crown Entertainment Limited",849,1,"Pyramid Mystery"
"Difference Games LLC",847,1,"Puzzle Place: 5 in 1 Word Game"
"Abovegames",846,1,"Happy Corners: Color by Number"
"Art of Peace",844,1,"OKBay Card Battle 21"
"Pourus Kadodwalla",839,1,"Zishes \u2013 Marketplace"
"Xiamen Xujuejiao Shangmao Youxian Gongsi",839,1,"Ferrostiga"
"BIN RAY WU",832,1,"Heritage Hunter: Explore World"
"Chubby Chief Labs",831,1,"Color Tide"
"Nicolas PRIN",830,1,"Chromie"
"Biginfive Co,.Ltd.",830,1,"Urban Lore:Doppelganger Street"
"ClassDojo, Inc.",826,1,"Dojo Islands"
"Ponderosa Games, LLC",824,1,"The Rhymatory"
"DevMalifalitiko",823,1,"Movie Guess"
"WhiteHat Developers",821,1,"Cami Game"
"Skylit Games",818,1,"Block Puzzle: Combo Blast"
"GeDa DevTeam",817,1,"Genie Dream Room"
"Brainitron LLC",816,1,"Brainitron"
"Mid Interactive",815,1,"Baraja Loteria"
"a7sghufka",815,1,"JL55"
"Tzu Yu Chou",810,1,"Quordle - Daily Word Game"
"Simon Schuster",808,1,"Patches Rectangle Logic Puzzle"
"Beru Games",806,1,"Mahjong Solitaire: Classic"
"\u0110\u1ee9c Long",803,1,"Bau Cua 2026 2027"
"Idris Miraoui",802,1,"MAJO - \u0645\u0627\u062c\u0648 \u0645\u0635\u0631"
"CV Basun Kondang Jaya",801,1,"LoneStar Casino"
"Elastic Green Games",797,1,"Car Court Pakistan: Desi Game"
"Nordic Node",792,1,"TriviaApp: Quiz Game Offline"
"KAISHENGRUI",791,1,"Memory Card Numbers"
"SBZ Games",787,1,"DominoX: Online Dominoes Game"
"Tornike Khachidze",780,1,"\u10e1\u10d8\u10e2\u10e7\u10d5\u10d0\u10e4\u10d0\u10d6\u10da\u10d8 - Crossword"
"SaaSha Games",777,1,"Spell Smart - Word Connect"
"Zhongke Zhirui Tech Lab",767,1,"Title Wild Flavors"
"Grammarsaurus",762,1,"Morphs Spelling Game"
"PK Listing",760,1,"Cupcake Mania - Sorting Puzzle"
"Inam & Sons Private Ltd",760,1,"Block Fit Puzzle"
"OukuSg",759,1,"Dream Puzzle Journey"
"Deniz Baytar",758,1,"Tren Cuento"
"SoftoVerse",755,1,"Wordraw"
"Day 1 Games Ltd",753,1,"Merge Mechanic"
"Needs Games Inc.",752,1,"Joker Master"
"Makhtar D",751,1,"NineOut \u2014 Quiz fran\u00e7ais"
"Creation Light Game",748,1,"Monsters Grid Slide"
"Bykdg",746,1,"HO\u015eK\u0130N Arena - Online Kart"
"Kanga Studios Kenya",745,1,"Tucheze Charades"
"White Dove Apps",745,1,"TriAceon Masters"
"Kinetic Tonnage Games",741,1,"Crow Loop"
"Zic zak apps",740,1,"MM Boosters: Daily Rewards"
"PrimeGames!",739,1,"Gale Marksman"
"MOH",738,1,"Chino: Catholic Games"
"Adroja Infotech",733,1,"Ludo Fire"
"Pixeltub Games",728,1,"Callbreak Max Offline Cards"
"Luka Vardishvili",728,1,"misani"
"Andrey Minkov",727,1,"Survival games parkour obby"
"Md Jakirul Islam",722,1,"Wan the Hungry Snake"
"Brian 98 Games",721,1,"Farkle King: Dice & Strategy"
"QuelTalas",721,1,"Neon Path"
"KKR33",715,1,"LOOK \u8131\u51fa\u30b2\u30fc\u30e0"
"Viva Games Studios",715,1,"Neon Arrows"
"Roberto Garcia Pardo",714,1,"Imposter (Party Word Game)"
"Battle Har Space",713,1,"Blackout Bingo Win Real Cash"
"Greeker Labs",708,1,"Weave the Word: Word Connect"
"Pressapp.ma",708,1,"Mafia Online: Social Deduction"
"LifePulse Puzzle Game Studio",703,1,"Soliword: Solitaire Link Word"
"Kina's Video Gaming Inc",698,1,"Ch\u1eafn S\u00e2n \u0110\u00ecnh - Ch\u1eafn Pro"
"TUNET LTD",697,1,"Olympus: Puzzle Quest Games"
"Kuantark Co., Ltd",696,1,"Stackdown: Word Tile Puzzle"
"SuperDan",695,1,"Word Pop: Bubble Merge Puzzle"
"AbsoluteNoobStudio",690,1,"LastCards"
"Lion Cube Studio",680,1,"Pixel Coloring Paint by Number"
"Bonfit",678,1,"Five Crowns: Kingdom Quest"
"FuryLion",677,1,"Word Blocks"
"DonkeyCat GmbH",674,1,"Triviarena Live Online Quiz"
"Abdulghaffar",674,1,"SpinFun"
"Green Farm26",672,1,"Fold Plane"
"ENES SAFAK",671,1,"Moodum: Modunu Bul"
"PopStoneGameTechnologyLimited-Shooting",671,1,"Perfect Cooking: Food Sort"
"MD shabaz",670,1,"TeenPatti: Lucky Infinity"
"Shai Alkoby",669,1,"Memory Dojo - Train Your Brain"
"Uniline Games",669,1,"Daily Word Puzzle \u2013 Tile Swap"
"Talefun",668,1,"Block Pair: No Solo!"
"ONKI OU",666,1,"Block Maze Defense"
"Crystal Peak Interactive",662,1,"Bounce Ball Win"
"Inno Nexus",661,1,"Word Jam - Screw Puzzle"
"\u666f\u4ea6\u8fb0 \u674e",661,1,"Find Myth"
"EasySun",660,1,"Gentle Meta"
"Easelive Limited",660,1,"Piano Magic Beat 4: Music Game"
"Yassine Tkouk",659,1,"Save Super Bear Adventure"
"DayOne LLC",659,1,"Arrow Breakout"
"Sol Choi",656,1,"MyLittleDream: Avatar Dress up"
"Nikesh Shakya",655,1,"Call Kitty - Kitti Card Game"
"Daniel Jebulan",652,1,"Anaduel: Anagram Word Battles"
"jrdtk creation",649,1,"Carrom Marriage"
"Game=Rice",648,1,"Clash of Segments"
"SoftStyle",647,1,"10-20-30: Card Sum"
"YAMY STUDIO YAZILIM VE OYUN GELISTIRME ANONIM SIRKETI",646,1,"Tidy Sort!"
"Dream Fantasy Games",644,1,"omenRPG"
"DBY_Games",644,1,"Free Robux - Get Real Robux"
"CodeLytical Hub",642,1,"Hymnal Word Puzzle - Word Game"
"GeeksJO",642,1,"Sawalif - \u0633\u0648\u0627\u0644\u0641"
"Netkreatives bv",642,1,"WordSalvo: 2 Player Word Game"
"Eclipse Inner",640,1,"Solitaire Sort Go!"
"Harbor Front",637,1,"Vantor Click Surge"
"Sophia Louise Ngata",630,1,"My Dream Pizza-Pizza Go!"
"PulsePixels Tech",630,1,"Switch Dungeon Run"
"GuessFootball.com",626,1,"Guess Anime Quiz & Suggestions"
"Luca Caputo",626,1,"Scappa da pupu"
"Xing Sheng",626,1,"Silk Road Emporium - Mahjong"
"Phuong Vo Thi",626,1,"Celest Match"
"MULTICAST GAMES",622,1,"Scroll Puzzle"
"LuckyFun Games",621,1,"Tangle Puzzle Master"
".Rn Dev",620,1,"UC Quiz Reward - Earn UC"
"Sportium Apuestas",618,1,"Sportium Poker"
"Skylink Studio",617,1,"Piece Gallery: Jigsaw Puzzle"
"Schmid Maximilian",611,1,"Rain Drop Lab"
"NEELAM SRIVASTAVA",610,1,"Chess"
"Solitaire & Puzzle Studio",609,1,"Cryptogram Puzzle: Word Decode"
"BAEK DONGKI",609,1,"Blind tank"
"SquidStudios",608,1,"Word Blitz - Word Search Game"
"INDOVIA",606,1,"Unblock Jam - Car Parking Game"
"Izoko",605,1,"Quiz Rivals"
"Deloper amir",604,1,"LWac Ralm"
"Ormerlabs",602,1,"Taboo Party - Word Game"
"ElectronGameStudios",602,1,"Neon 21: Blackjack Roguelike"
"SabGamesUa",602,1,"Classic Solitaire Offline"
"Emers",598,1,"Goldbet"
"Mana Protocol",596,1,"WordKO Arena: Word Battle"
"Lucratech Private Limited",595,1,"Word Circuit"
"Matatu",592,1,"Whot: Naija Card Game"
"AppGen Labs",592,1,"Arrow Puzzle: Hardcore"
"INTELLIGENT CORE ENGINE LIMITED",592,1,"Solstice Shard Merge"
"Samet Ersan",590,1,"Letter Out"
"Clinical Research Guru",590,1,"5D Chess"
"Bolart Games",589,1,"PixelWing - Color by Numbers"
"Mohamed Ghoneim",581,1,"Tawla 31 Live"
"Playspire Games",581,1,"Word Swipe Pro"
"Hive Interactive",579,1,"Do you know me?"
"Star link Apps",578,1,"Pickup Lines & Flirty Messages"
"Vincent Bonchaud",577,1,"Skyline Archery"
"Kolka Games",574,1,"Last King: Survival"
"nersisyan",573,1,"Detective Me: Imposter Game"
"AM Devs",573,1,"GuessCar - quiz motoryzacyjny"
"Djalil Developer",571,1,"Geryuret Game"
"Meogen",571,1,"Mahjong Tiles of Wind"
"Ruslan Samandarov",570,1,"So'z O'yini"
"Zhang Huan",569,1,"Water Flow\uff1aASMR Match"
"Cetinkaya Barbaros",569,1,"Casa Pariurilor"
"MOB APPS STUDIO",568,1,"WOW Carrom"
"Aeka Games",564,1,"Arrows Puzzle - Arrow Go Out"
"PLAY2EVER GAMES LIMITED",564,1,"Block Jam Out: No Timer Puzzle"
"Dream2Win",564,1,"Quiz2Win: Mega IQ Battle"
"Proversa Digital Solutions Pvt Ltd",562,1,"Super Ludo Pro-Snake & Ladder"
"Helios Entertainment Joint Stock Company",561,1,"Wewolf - Werewolf Voice"
"Interactive Union",561,1,"Prairie Altitude Tower"
"Sergei Neprimerov",559,1,"Wonly \u2013 Word Party Guess Game"
"WNXH Info",559,1,"866vipPayl Back"
"Rhema Studios",558,1,"Bible Word Search"
"NindaFuit",558,1,"Doodlink: Draw & Guess Online"
"POWERHOUSE MARKETING LIMITED",558,1,"Roulette Peak"
"ManoFire",556,1,"Football Hunter - Guess"
"S\u1ea3nh Offline",556,1,"M\u1eadu Binh - Mau Binh Xap Xam 13"
"Janowski Jens Ole",555,1,"Sweet Bonanza"
"OCEAN KEEN",554,1,"Mahjong Tile Flip - Memory"
"IRIS EDUCATION",554,1,"Animal Totem Rise"
"Khanh Thong Le",552,1,"Imposter \u2013 Find the Spy"
"Archosaur Games",552,1,"Dragon Raja: ReRise - RPG"
"Gameogram Studios",551,1,"Word Rush - Fast Word Game"
"The Appsters Ltd",549,1,"Trivia Code Words"
"Cool Beans Games",549,1,"Word Association"
"PASCAL MICHAEL AMBERG",548,1,"SPielatus"
"Malik Jahanzaib",548,1,"Flying Fish 3D"
"Burcu Top\u00e7u",548,1,"Pasrola - Harf D\u00f6ng\u00fcs\u00fc"
"Spoilz Games",545,1,"Jackaroo Go: Board Card Game"
"Ds Vignesh",544,1,"Chess Online - RoyalMind"
"Izzet Ubeydullah Arpaci",542,1,"Cubsy\u2019s World: Kids Games"
"\u6df1\u5733\u5e02\u7545\u73a9\u7a7a\u95f4\u79d1\u6280\u6709\u9650\u516c\u53f8",541,1,"Mahjong Puzzle Game"
"Dewpire Apps Zone",540,1,"QuizzeMe: Play Quizzes & Games"
"Kirill Korniushchenkov",540,1,"Word Games \u2014 No Daily Limit"
"AR Next Lab",537,1,"Wordle Infinite \u2014 Word Battle"
"Epic Forge UZ",537,1,"Zukko"
"HI-TECH WIRES ASIA",537,1,"B\u1ea7u Cua T\u00f4m C\u00e1 2026"
"Myat Yadanar Mon",536,1,"ShanKoeMee - Shweverse"
"\u6d69 \u97e9",536,1,"Bible Word Path - Godly Quest"
"Phyx Games",536,1,"Heads Up Charades: Party Game"
"Smile Fit",535,1,"Cinder Slate"
"Brn Studios",534,1,"Block Bloom Puzzle"
"housie",533,1,"Rami Tounsi"
"Partyjoy Limited",532,1,"Gameparty-\u0644\u0639\u0628\u0629 \u0648\u062f\u0631\u062f\u0634\u0629"
"TheAppGuruz",532,1,"Solitaire Picture Associations"
"NITRO GLOBAL COMPANY LIMITED",532,1,"Juice Mania: Relax Puzzle"
"Haozi Network",531,1,"Hexa Glint"
"maurukas.com",530,1,"Ninja Chess: Chess with Powers"
"Fama Corp.",529,1,"Susun Kata : Nusantara"
"MAD PIXEL",527,1,"Dino Merge: Jurassic Zoo"
"Organizer1",527,1,"Hintio Word - Kelime Tahmin"
"eticosoft",526,1,"impostor"
"LENSBERGAS CONSULTING",526,1,"Legends Cash Win Jackpots"
"Veer Arjun Busani",526,1,"Ashta Chamma"
"Yangmei Studios",526,1,"Charades for Kids: Family Game"
"Ocelote",526,1,"Domino Hoki"
"VILI Apps",524,1,"Panda Shelter: Block Defense"
"EduRise E\u011fitim Teknolojileri Anonim \u015eirketi",523,1,"DuelRise - Oynayarak \u00d6\u011fren"
"Mishmash Labs",523,1,"Word Sleuth: Logic Word Games"
"Ian Lewis",521,1,"Golfle: Daily Cave Golf"
"ZimbronApps.com",521,1,"Bingo Online App"
"OKEYIX",521,1,"OkeyIX"
"JAYED MOHAMMOD ALBI",521,1,"CosmicBeatShift"
"Lakshmi Kosmetiks",521,1,"1xBet"
"OnePiecePower",519,1,"OPPower Triple Triad Game"
"Airo Puzzle Games",519,1,"Flip'n'Bust: Family Card Game"
"Leonhard Gotz",519,1,"DotMatch"
"Prashant Rao",519,1,"Filmy Mela"
"RexTeam",519,1,"K-Pop: Who'd You Rather?"
"Talha Dev",518,1,"WordTrail: Word Guess Puzzle"
"Chimpanzee, LLC",517,1,"Bible Trivia Quiz Game - Logos"
"Jose Luis Meza Bustamante",517,1,"Sopa de Letras"
"Burak Yal\u00e7\u0131n",516,1,"TubeLand"
"PLAYHOUSE SQUARE FOUNDATION",516,1,"BV Pocket Showdown"
"ALP ALKIM",515,1,"Colorful Words : Reveal Puzzle"
"\u91d1\u53d1 \u674e",514,1,"Merge & Roll"
"Peephole Team S.R.L.",514,1,"Solitaire Puzzle - Word Games"
"Almond Party Labs",514,1,"Flashback Trivia"
"Carlo Di Domenico",514,1,"Gira la Ruota - Gioco"
"Hermen Bove",513,1,"Cluck Attack"
"Create Image Studio",513,1,"Word Search: English & Kurdish"
"jiangnanchenbao",513,1,"Demon Block Elimination"
"ShadowGamer",513,1,"Twordle"
"T\u1ebft Vi\u1ec7t",513,1,"Bau Cua 2026"
"FUGA IKEDA",513,1,"intro - Music Intro Quiz"
"Jesus De Leon",511,1,"Mi Loter\u00eda Mexicana"
"Visibility Media",510,1,"Visibility Games"
"Eng.Ibrahim Ayasrah",510,1,"\u062c\u0648\u0627\u0628 \u062a\u0650\u0643 - Jawab Tik"
"Chicken City, LLC",510,1,"Ace Trio Masters"
"TIE AND DYE CULTURE LTD",510,1,"Jeetbuzz"
"Octro, Inc.",510,1,"Word Climber: Elite Puzzle Mix"
"Aran Apps",510,1,"Hangman Premium"
"VGam.es",509,1,"Word Slide"
"Spacedive Labs",509,1,"Chess Buddy AI: Play & Learn"
"Fatih NALCI",508,1,"KEL\u0130ME NE? - Kelime Bulmacas\u0131"
"\u5b50\u5bb8 \u9b4f",508,1,"UGL - United Game Launcher"
"germanDEV",508,1,"Hangman: Classic Word Game"
"Khamidjon Egamov",508,1,"Bilimdon: Boshqotirma savollar"
"Oasys Wallet \u682a\u5f0f\u4f1a\u793e",507,1,"WikiGacha"
"Mesut sever",507,1,"KeliMax - Word Battle Game"
"Stadt",506,1,"Tactiles"
"AVICOM'",505,1,"PlayPero - Jeux de soir\u00e9e"
"Block Blast Studio",505,1,"Block Blast Mania: Puzzle Game"
"Soner Sar\u0131\u00f6kmen",504,1,"Nuts & Bolts: Screw Puzzle Go"
"ZEM House Studio",504,1,"Meme Guys : What's Your Mood ?"
"SINGULAR SUNSHINE STUDIOS Co., Ltd.",503,1,"Conquest Tactics: Realm of Sin"
"DegerGames",503,1,"Chess: Watch and Phone"
"PeetyPixel",503,1,"Skyjo Score Pro - Point Track"
"Dinh Vu Thi",502,1,"Merge Balls: Sports Arena"
"Absolute Lucky Pig Games",502,1,"Yatzy Classic - Dice Games"
"Jose Daniel Martinez Castillo",502,1,"Pueblo Duerme"
"Steinitz Nicolas Emanuel",502,1,"Casa Pariurilor casino"
"\u4f5b\u5c71\u5e02\u94b1\u80fd\u9f50\u79d1\u6280\u6709\u9650\u516c\u53f8",501,1,"Gale Current"
"Recep Sevim",500,1,"Palabras: Alphabet Word Quiz"
